Id,Label,timeset,d0,Degree,Weighted Degree,Eccentricity,closnesscentrality,harmonicclosnesscentrality,betweenesscentrality,Authority,Hub,pageranks,componentnumber,modularity_class,stat_inf_class,clustering,triangles,eigencentrality
네이버,네이버,,169,35,17741,1,1,1,11.160347,0.20829,0.20829,0.035714,0,1,8,0.739496,440,1
디지털,디지털,,208,35,20207,1,1,1,11.160347,0.20829,0.20829,0.035714,0,3,1,0.739496,440,1
은행,은행,,314,35,22749,1,1,1,11.160347,0.20829,0.20829,0.035714,0,2,7,0.739496,440,1
지급결제,지급결제,,202,35,19963,1,1,1,11.160347,0.20829,0.20829,0.035714,0,3,5,0.739496,440,1
혁신,혁신,,125,34,11199,2,0.972222,0.985714,8.858077,0.205258,0.205258,0.034698,0,2,1,0.761141,427,0.98525
핀테크,핀테크,,152,33,15350,2,0.945946,0.971429,7.698024,0.20086,0.20086,0.033756,0,2,4,0.774621,409,0.964021
뉴스,뉴스,,106,31,11371,2,0.897436,0.942857,7.409105,0.188037,0.188037,0.032043,0,1,0,0.774194,360,0.902767
계획,계획,,55,32,6452,2,0.921053,0.957143,6.789629,0.196277,0.196277,0.032817,0,3,16,0.78629,390,0.942003
카드,카드,,219,32,20912,2,0.921053,0.957143,6.506595,0.196677,0.196677,0.032803,0,0,3,0.790323,392,0.943829
플랫폼,플랫폼,,123,31,13102,2,0.897436,0.942857,6.482014,0.190229,0.190229,0.031936,0,2,4,0.787097,366,0.912836
배포,배포,,129,30,13146,2,0.875,0.928571,6.258888,0.184625,0.184625,0.031064,0,1,15,0.793103,345,0.886232
신용,신용,,104,30,10899,2,0.875,0.928571,4.818383,0.187036,0.187036,0.030947,0,0,2,0.816092,355,0.897362
한국은행,한국은행,,68,25,7297,2,0.777778,0.857143,4.22381,0.153308,0.153308,0.026638,0,3,9,0.8,240,0.736264
페이,페이,,79,28,10028,2,0.833333,0.9,4.110061,0.175755,0.175755,0.029155,0,0,8,0.828042,313,0.843171
위원회,위원회,,79,27,7095,2,0.813953,0.885714,3.95077,0.168464,0.168464,0.028298,0,3,12,0.82906,291,0.808354
구독,구독,,80,27,10212,2,0.813953,0.885714,3.593273,0.170081,0.170081,0.028249,0,1,5,0.834758,293,0.81625
송금,송금,,53,23,6327,2,0.744681,0.828571,3.478138,0.143454,0.143454,0.024767,0,2,6,0.826087,209,0.688394
중국,중국,,52,24,5765,2,0.76087,0.842857,3.419017,0.150217,0.150217,0.025659,0,3,10,0.826087,228,0.721146
블록체인,블록체인,,93,24,7576,2,0.76087,0.842857,3.167357,0.148592,0.148592,0.025702,0,3,13,0.833333,230,0.713581
법,법,,55,24,4862,2,0.76087,0.842857,3.100739,0.149426,0.149426,0.025694,0,3,14,0.84058,232,0.717555
중앙은행,중앙은행,,51,22,7722,2,0.729167,0.814286,2.632597,0.133559,0.133559,0.023991,0,3,14,0.839827,194,0.641665
계좌,계좌,,81,25,8233,2,0.777778,0.857143,2.553678,0.157836,0.157836,0.026461,0,2,3,0.866667,260,0.757068
모바일,모바일,,79,26,10586,2,0.795455,0.871429,2.511312,0.165434,0.165434,0.027309,0,2,10,0.867692,282,0.79358
금융위,금융위,,66,25,7182,2,0.777778,0.857143,2.494687,0.159015,0.159015,0.026441,0,3,16,0.863333,259,0.763084
빅테크,빅테크,,53,23,7039,2,0.744681,0.828571,2.409731,0.144876,0.144876,0.024696,0,3,9,0.84585,214,0.695311
수수료,수수료,,91,26,11087,2,0.795455,0.871429,2.233155,0.166464,0.166464,0.027277,0,0,6,0.88,286,0.798375
글로벌,글로벌,,58,22,6383,2,0.729167,0.814286,1.919616,0.140454,0.140454,0.023808,0,3,13,0.878788,203,0.674219
온라인,온라인,,63,25,6628,2,0.777778,0.857143,1.768318,0.160726,0.160726,0.026379,0,0,15,0.896667,269,0.770822
카드사,카드사,,78,25,10177,2,0.777778,0.857143,1.652025,0.161192,0.161193,0.026362,0,0,2,0.9,270,0.773003
한은,한은,,59,22,6298,2,0.729167,0.814286,1.64409,0.13911,0.13911,0.023809,0,3,7,0.883117,204,0.66797
화폐,화폐,,53,20,8300,2,0.7,0.785714,1.382738,0.124649,0.124649,0.022104,0,3,0,0.884211,168,0.598771
대출,대출,,61,21,5681,2,0.714286,0.8,1.036817,0.136182,0.136182,0.022793,0,2,12,0.914286,192,0.653087
앱,앱,,50,21,6777,2,0.714286,0.8,0.762019,0.136565,0.136565,0.022787,0,2,11,0.938095,197,0.654831
개정안,개정안,,53,17,5387,2,0.660377,0.742857,0.612965,0.109674,0.109674,0.019277,0,3,9,0.919118,125,0.526488
비트코인,비트코인,,72,14,3920,2,0.625,0.7,0.522817,0.085924,0.085924,0.016732,0,3,14,0.901099,82,0.412958
가맹점,가맹점,,63,21,7843,2,0.714286,0.8,0.35817,0.140605,0.140605,0.022691,0,0,11,0.966667,203,0.674101
무단,무단,,19,0,0,0,0,0,0,0,0,0,0,0,0,0,0,0
전재,전재,,14,0,0,0,0,0,0,0,0,0,0,0,0,0,0,0
저작권자,저작권자,,36,0,0,0,0,0,0,0,0,0,0,0,0,0,0,0
발행,발행,,40,0,0,0,0,0,0,0,0,0,0,0,0,0,0,0
신한,신한,,16,0,0,0,0,0,0,0,0,0,0,0,0,0,0,0
전금법,전금법,,29,0,0,0,0,0,0,0,0,0,0,0,0,0,0,0
인하,인하,,9,0,0,0,0,0,0,0,0,0,0,0,0,0,0,0
이체,이체,,20,0,0,0,0,0,0,0,0,0,0,0,0,0,0,0
암호화폐,암호화폐,,43,0,0,0,0,0,0,0,0,0,0,0,0,0,0,0
인터넷,인터넷,,35,0,0,0,0,0,0,0,0,0,0,0,0,0,0,0
신용카드,신용카드,,28,0,0,0,0,0,0,0,0,0,0,0,0,0,0,0
가상화폐,가상화폐,,31,0,0,0,0,0,0,0,0,0,0,0,0,0,0,0
미디어,미디어,,21,0,0,0,0,0,0,0,0,0,0,0,0,0,0,0
종합,종합,,42,0,0,0,0,0,0,0,0,0,0,0,0,0,0,0
메인,메인,,12,0,0,0,0,0,0,0,0,0,0,0,0,0,0,0
카카오,카카오,,13,0,0,0,0,0,0,0,0,0,0,0,0,0,0,0
국회,국회,,41,0,0,0,0,0,0,0,0,0,0,0,0,0,0,0
거래소,거래소,,28,0,0,0,0,0,0,0,0,0,0,0,0,0,0,0
카카오페이,카카오페이,,25,0,0,0,0,0,0,0,0,0,0,0,0,0,0,0
전자금융거래법,전자금융거래법,,25,0,0,0,0,0,0,0,0,0,0,0,0,0,0,0
플랫,플랫,,8,0,0,0,0,0,0,0,0,0,0,0,0,0,0,0
폼,폼,,7,0,0,0,0,0,0,0,0,0,0,0,0,0,0,0
보험,보험,,32,0,0,0,0,0,0,0,0,0,0,0,0,0,0,0
이주열,이주열,,14,0,0,0,0,0,0,0,0,0,0,0,0,0,0,0
총재,총재,,32,0,0,0,0,0,0,0,0,0,0,0,0,0,0,0
오픈뱅킹,오픈뱅킹,,22,0,0,0,0,0,0,0,0,0,0,0,0,0,0,0
코인,코인,,31,0,0,0,0,0,0,0,0,0,0,0,0,0,0,0
뱅크,뱅크,,25,0,0,0,0,0,0,0,0,0,0,0,0,0,0,0
증권,증권,,30,0,0,0,0,0,0,0,0,0,0,0,0,0,0,0
부담,부담,,13,0,0,0,0,0,0,0,0,0,0,0,0,0,0,0
신문,신문,,15,0,0,0,0,0,0,0,0,0,0,0,0,0,0,0
쇼핑,쇼핑,,6,0,0,0,0,0,0,0,0,0,0,0,0,0,0,0
증권사,증권사,,9,0,0,0,0,0,0,0,0,0,0,0,0,0,0,0
뱅킹,뱅킹,,13,0,0,0,0,0,0,0,0,0,0,0,0,0,0,0
오프라인,오프라인,,16,0,0,0,0,0,0,0,0,0,0,0,0,0,0,0
체크카드,체크카드,,16,0,0,0,0,0,0,0,0,0,0,0,0,0,0,0
정무,정무,,13,0,0,0,0,0,0,0,0,0,0,0,0,0,0,0
통화,통화,,38,0,0,0,0,0,0,0,0,0,0,0,0,0,0,0
금리,금리,,24,0,0,0,0,0,0,0,0,0,0,0,0,0,0,0
스테이블,스테이블,,5,0,0,0,0,0,0,0,0,0,0,0,0,0,0,0
사,사,,40,0,0,0,0,0,0,0,0,0,0,0,0,0,0,0
저축,저축,,2,0,0,0,0,0,0,0,0,0,0,0,0,0,0,0
썸,썸,,6,0,0,0,0,0,0,0,0,0,0,0,0,0,0,0
빗,빗,,6,0,0,0,0,0,0,0,0,0,0,0,0,0,0,0
자산,자산,,41,0,0,0,0,0,0,0,0,0,0,0,0,0,0,0
삼성,삼성,,15,0,0,0,0,0,0,0,0,0,0,0,0,0,0,0
하루,하루,,7,0,0,0,0,0,0,0,0,0,0,0,0,0,0,0
평균,평균,,17,0,0,0,0,0,0,0,0,0,0,0,0,0,0,0
돈,돈,,24,0,0,0,0,0,0,0,0,0,0,0,0,0,0,0
움,움,,3,0,0,0,0,0,0,0,0,0,0,0,0,0,0,0
더리,더리,,3,0,0,0,0,0,0,0,0,0,0,0,0,0,0,0
위안,위안,,3,0,0,0,0,0,0,0,0,0,0,0,0,0,0,0
영업,영업,,30,0,0,0,0,0,0,0,0,0,0,0,0,0,0,0
케이,케이,,4,0,0,0,0,0,0,0,0,0,0,0,0,0,0,0
예금,예금,,4,0,0,0,0,0,0,0,0,0,0,0,0,0,0,0
회장,회장,,19,0,0,0,0,0,0,0,0,0,0,0,0,0,0,0
현대,현대,,4,0,0,0,0,0,0,0,0,0,0,0,0,0,0,0
데이터,데이터,,45,0,0,0,0,0,0,0,0,0,0,0,0,0,0,0
아이,아이,,5,0,0,0,0,0,0,0,0,0,0,0,0,0,0,0
전문,전문,,33,0,0,0,0,0,0,0,0,0,0,0,0,0,0,0
페이스북,페이스북,,20,0,0,0,0,0,0,0,0,0,0,0,0,0,0,0
진출,진출,,38,0,0,0,0,0,0,0,0,0,0,0,0,0,0,0
스냅,스냅,,11,0,0,0,0,0,0,0,0,0,0,0,0,0,0,0
타임,타임,,11,0,0,0,0,0,0,0,0,0,0,0,0,0,0,0
대비,대비,,43,0,0,0,0,0,0,0,0,0,0,0,0,0,0,0
금액,금액,,25,0,0,0,0,0,0,0,0,0,0,0,0,0,0,0
허용,허용,,20,0,0,0,0,0,0,0,0,0,0,0,0,0,0,0
소상공인,소상공인,,16,0,0,0,0,0,0,0,0,0,0,0,0,0,0,0
코,코,,4,0,0,0,0,0,0,0,0,0,0,0,0,0,0,0
청산,청산,,20,0,0,0,0,0,0,0,0,0,0,0,0,0,0,0
리얼타임,리얼타임,,11,0,0,0,0,0,0,0,0,0,0,0,0,0,0,0
위원장,위원장,,39,0,0,0,0,0,0,0,0,0,0,0,0,0,0,0
가계,가계,,5,0,0,0,0,0,0,0,0,0,0,0,0,0,0,0
부채,부채,,2,0,0,0,0,0,0,0,0,0,0,0,0,0,0,0
홈,홈,,6,0,0,0,0,0,0,0,0,0,0,0,0,0,0,0
금융결제원,금융결제원,,19,0,0,0,0,0,0,0,0,0,0,0,0,0,0,0
외부,외부,,19,0,0,0,0,0,0,0,0,0,0,0,0,0,0,0
신청,신청,,15,0,0,0,0,0,0,0,0,0,0,0,0,0,0,0
실적,실적,,18,0,0,0,0,0,0,0,0,0,0,0,0,0,0,0
최고,최고,,7,0,0,0,0,0,0,0,0,0,0,0,0,0,0,0
경영자,경영자,,1,0,0,0,0,0,0,0,0,0,0,0,0,0,0,0
이번,이번,,46,0,0,0,0,0,0,0,0,0,0,0,0,0,0,0
개설,개설,,2,0,0,0,0,0,0,0,0,0,0,0,0,0,0,0
발급,발급,,6,0,0,0,0,0,0,0,0,0,0,0,0,0,0,0
액,액,,8,0,0,0,0,0,0,0,0,0,0,0,0,0,0,0
결제금,결제금,,2,0,0,0,0,0,0,0,0,0,0,0,0,0,0,0
애플리케이션,애플리케이션,,5,0,0,0,0,0,0,0,0,0,0,0,0,0,0,0
쇼핑몰,쇼핑몰,,3,0,0,0,0,0,0,0,0,0,0,0,0,0,0,0
금융사,금융사,,17,0,0,0,0,0,0,0,0,0,0,0,0,0,0,0
기준,기준,,42,0,0,0,0,0,0,0,0,0,0,0,0,0,0,0
가상자산,가상자산,,10,0,0,0,0,0,0,0,0,0,0,0,0,0,0,0
우대,우대,,5,0,0,0,0,0,0,0,0,0,0,0,0,0,0,0
신종,신종,,3,0,0,0,0,0,0,0,0,0,0,0,0,0,0,0
코로나19,코로나19,,40,0,0,0,0,0,0,0,0,0,0,0,0,0,0,0
동기,동기,,5,0,0,0,0,0,0,0,0,0,0,0,0,0,0,0
코리아,코리아,,9,0,0,0,0,0,0,0,0,0,0,0,0,0,0,0
영세,영세,,10,0,0,0,0,0,0,0,0,0,0,0,0,0,0,0
감염증,감염증,,3,0,0,0,0,0,0,0,0,0,0,0,0,0,0,0
한경,한경,,7,0,0,0,0,0,0,0,0,0,0,0,0,0,0,0
눈,눈,,7,0,0,0,0,0,0,0,0,0,0,0,0,0,0,0
자본,자본,,13,0,0,0,0,0,0,0,0,0,0,0,0,0,0,0
법인,법인,,10,0,0,0,0,0,0,0,0,0,0,0,0,0,0,0
스타트업,스타트업,,6,0,0,0,0,0,0,0,0,0,0,0,0,0,0,0
프리미엄,프리미엄,,7,0,0,0,0,0,0,0,0,0,0,0,0,0,0,0
알리페이,알리페이,,7,0,0,0,0,0,0,0,0,0,0,0,0,0,0,0
마이데이터,마이데이터,,21,0,0,0,0,0,0,0,0,0,0,0,0,0,0,0
마련,마련,,40,0,0,0,0,0,0,0,0,0,0,0,0,0,0,0
출시,출시,,22,0,0,0,0,0,0,0,0,0,0,0,0,0,0,0
시,시,,43,0,0,0,0,0,0,0,0,0,0,0,0,0,0,0
법안,법안,,14,0,0,0,0,0,0,0,0,0,0,0,0,0,0,0
아시아,아시아,,12,0,0,0,0,0,0,0,0,0,0,0,0,0,0,0
코로나바이러스,코로나바이러스,,3,0,0,0,0,0,0,0,0,0,0,0,0,0,0,0
네트워크,네트워크,,8,0,0,0,0,0,0,0,0,0,0,0,0,0,0,0
알리바바,알리바바,,4,0,0,0,0,0,0,0,0,0,0,0,0,0,0,0
데일리,데일리,,8,0,0,0,0,0,0,0,0,0,0,0,0,0,0,0
금융당국,금융당국,,18,0,0,0,0,0,0,0,0,0,0,0,0,0,0,0
은성수,은성수,,1,0,0,0,0,0,0,0,0,0,0,0,0,0,0,0
인상,인상,,4,0,0,0,0,0,0,0,0,0,0,0,0,0,0,0
소비,소비,,6,0,0,0,0,0,0,0,0,0,0,0,0,0,0,0
권한,권한,,12,0,0,0,0,0,0,0,0,0,0,0,0,0,0,0
인증,인증,,18,0,0,0,0,0,0,0,0,0,0,0,0,0,0,0
언론,언론,,14,0,0,0,0,0,0,0,0,0,0,0,0,0,0,0
공감,공감,,11,0,0,0,0,0,0,0,0,0,0,0,0,0,0,0
직불,직불,,6,0,0,0,0,0,0,0,0,0,0,0,0,0,0,0
상반기,상반기,,18,0,0,0,0,0,0,0,0,0,0,0,0,0,0,0
마케팅,마케팅,,9,0,0,0,0,0,0,0,0,0,0,0,0,0,0,0
감소,감소,,10,0,0,0,0,0,0,0,0,0,0,0,0,0,0,0
매출,매출,,15,0,0,0,0,0,0,0,0,0,0,0,0,0,0,0
창,창,,5,0,0,0,0,0,0,0,0,0,0,0,0,0,0,0
네이버파이낸셜,네이버파이낸셜,,3,0,0,0,0,0,0,0,0,0,0,0,0,0,0,0
카카오뱅크,카카오뱅크,,10,0,0,0,0,0,0,0,0,0,0,0,0,0,0,0
오전,오전,,11,0,0,0,0,0,0,0,0,0,0,0,0,0,0,0
닷컴,닷컴,,7,0,0,0,0,0,0,0,0,0,0,0,0,0,0,0
대금,대금,,21,0,0,0,0,0,0,0,0,0,0,0,0,0,0,0
조회,조회,,10,0,0,0,0,0,0,0,0,0,0,0,0,0,0,0
기사,기사,,6,0,0,0,0,0,0,0,0,0,0,0,0,0,0,0
골드만,골드만,,1,0,0,0,0,0,0,0,0,0,0,0,0,0,0,0
삭스,삭스,,1,0,0,0,0,0,0,0,0,0,0,0,0,0,0,0
통합,통합,,15,0,0,0,0,0,0,0,0,0,0,0,0,0,0,0
운용,운용,,6,0,0,0,0,0,0,0,0,0,0,0,0,0,0,0
빅데이터,빅데이터,,28,0,0,0,0,0,0,0,0,0,0,0,0,0,0,0
인공지능,인공지능,,8,0,0,0,0,0,0,0,0,0,0,0,0,0,0,0
내부,내부,,13,0,0,0,0,0,0,0,0,0,0,0,0,0,0,0
협회,협회,,12,0,0,0,0,0,0,0,0,0,0,0,0,0,0,0
번호,번호,,7,0,0,0,0,0,0,0,0,0,0,0,0,0,0,0
비밀,비밀,,4,0,0,0,0,0,0,0,0,0,0,0,0,0,0,0
기기,기기,,2,0,0,0,0,0,0,0,0,0,0,0,0,0,0,0
포인트,포인트,,12,0,0,0,0,0,0,0,0,0,0,0,0,0,0,0
레터,레터,,7,0,0,0,0,0,0,0,0,0,0,0,0,0,0,0
오픈,오픈,,10,0,0,0,0,0,0,0,0,0,0,0,0,0,0,0
사태,사태,,3,0,0,0,0,0,0,0,0,0,0,0,0,0,0,0
분기,분기,,16,0,0,0,0,0,0,0,0,0,0,0,0,0,0,0
스마트폰,스마트폰,,10,0,0,0,0,0,0,0,0,0,0,0,0,0,0,0
보안,보안,,19,0,0,0,0,0,0,0,0,0,0,0,0,0,0,0
금,금,,21,0,0,0,0,0,0,0,0,0,0,0,0,0,0,0
통,통,,2,0,0,0,0,0,0,0,0,0,0,0,0,0,0,0
등록,등록,,12,0,0,0,0,0,0,0,0,0,0,0,0,0,0,0
세상,세상,,10,0,0,0,0,0,0,0,0,0,0,0,0,0,0,0
파스,파스,,5,0,0,0,0,0,0,0,0,0,0,0,0,0,0,0
발의,발의,,9,0,0,0,0,0,0,0,0,0,0,0,0,0,0,0
마스터,마스터,,2,0,0,0,0,0,0,0,0,0,0,0,0,0,0,0
토스,토스,,15,0,0,0,0,0,0,0,0,0,0,0,0,0,0,0
민주당,민주당,,12,0,0,0,0,0,0,0,0,0,0,0,0,0,0,0
금융업,금융업,,9,0,0,0,0,0,0,0,0,0,0,0,0,0,0,0
예정,예정,,26,0,0,0,0,0,0,0,0,0,0,0,0,0,0,0
타임스,타임스,,6,0,0,0,0,0,0,0,0,0,0,0,0,0,0,0
시중은행,시중은행,,1,0,0,0,0,0,0,0,0,0,0,0,0,0,0,0
기획,기획,,10,0,0,0,0,0,0,0,0,0,0,0,0,0,0,0
비바리퍼블리카,비바리퍼블리카,,1,0,0,0,0,0,0,0,0,0,0,0,0,0,0,0
단말기,단말기,,5,0,0,0,0,0,0,0,0,0,0,0,0,0,0,0
강조,강조,,21,0,0,0,0,0,0,0,0,0,0,0,0,0,0,0
현지,현지,,12,0,0,0,0,0,0,0,0,0,0,0,0,0,0,0
완화,완화,,20,0,0,0,0,0,0,0,0,0,0,0,0,0,0,0
통과,통과,,6,0,0,0,0,0,0,0,0,0,0,0,0,0,0,0
이날,이날,,23,0,0,0,0,0,0,0,0,0,0,0,0,0,0,0
센터,센터,,14,0,0,0,0,0,0,0,0,0,0,0,0,0,0,0
사진,사진,,25,0,0,0,0,0,0,0,0,0,0,0,0,0,0,0
충전,충전,,8,0,0,0,0,0,0,0,0,0,0,0,0,0,0,0
선불,선불,,4,0,0,0,0,0,0,0,0,0,0,0,0,0,0,0
프로젝트,프로젝트,,3,0,0,0,0,0,0,0,0,0,0,0,0,0,0,0
채굴,채굴,,2,0,0,0,0,0,0,0,0,0,0,0,0,0,0,0
주가,주가,,12,0,0,0,0,0,0,0,0,0,0,0,0,0,0,0
성공,성공,,11,0,0,0,0,0,0,0,0,0,0,0,0,0,0,0
국민카드,국민카드,,2,0,0,0,0,0,0,0,0,0,0,0,0,0,0,0
위챗,위챗,,3,0,0,0,0,0,0,0,0,0,0,0,0,0,0,0
해소,해소,,10,0,0,0,0,0,0,0,0,0,0,0,0,0,0,0
영상,영상,,4,0,0,0,0,0,0,0,0,0,0,0,0,0,0,0
공인,공인,,2,0,0,0,0,0,0,0,0,0,0,0,0,0,0,0
증서,증서,,1,0,0,0,0,0,0,0,0,0,0,0,0,0,0,0
시행,시행,,18,0,0,0,0,0,0,0,0,0,0,0,0,0,0,0
시세표,시세표,,11,0,0,0,0,0,0,0,0,0,0,0,0,0,0,0
유통,유통,,18,0,0,0,0,0,0,0,0,0,0,0,0,0,0,0
설립,설립,,7,0,0,0,0,0,0,0,0,0,0,0,0,0,0,0
부,부,,23,0,0,0,0,0,0,0,0,0,0,0,0,0,0,0
비중,비중,,8,0,0,0,0,0,0,0,0,0,0,0,0,0,0,0
준비,준비,,15,0,0,0,0,0,0,0,0,0,0,0,0,0,0,0
주식,주식,,11,0,0,0,0,0,0,0,0,0,0,0,0,0,0,0
인터넷전문은행,인터넷전문은행,,3,0,0,0,0,0,0,0,0,0,0,0,0,0,0,0
리브,리브,,4,0,0,0,0,0,0,0,0,0,0,0,0,0,0,0
머니,머니,,6,0,0,0,0,0,0,0,0,0,0,0,0,0,0,0
육성,육성,,4,0,0,0,0,0,0,0,0,0,0,0,0,0,0,0
담보,담보,,2,0,0,0,0,0,0,0,0,0,0,0,0,0,0,0
실물,실물,,3,0,0,0,0,0,0,0,0,0,0,0,0,0,0,0
소액,소액,,10,0,0,0,0,0,0,0,0,0,0,0,0,0,0,0
인민은행,인민은행,,4,0,0,0,0,0,0,0,0,0,0,0,0,0,0,0
인기,인기,,7,0,0,0,0,0,0,0,0,0,0,0,0,0,0,0
지점,지점,,1,0,0,0,0,0,0,0,0,0,0,0,0,0,0,0
침,침,,8,0,0,0,0,0,0,0,0,0,0,0,0,0,0,0
상승,상승,,8,0,0,0,0,0,0,0,0,0,0,0,0,0,0,0
부동산,부동산,,12,0,0,0,0,0,0,0,0,0,0,0,0,0,0,0
환전,환전,,3,0,0,0,0,0,0,0,0,0,0,0,0,0,0,0
연구원,연구원,,13,0,0,0,0,0,0,0,0,0,0,0,0,0,0,0
위원,위원,,13,0,0,0,0,0,0,0,0,0,0,0,0,0,0,0
회원,회원,,5,0,0,0,0,0,0,0,0,0,0,0,0,0,0,0
여신,여신,,11,0,0,0,0,0,0,0,0,0,0,0,0,0,0,0
자료,자료,,11,0,0,0,0,0,0,0,0,0,0,0,0,0,0,0
신한은행,신한은행,,1,0,0,0,0,0,0,0,0,0,0,0,0,0,0,0
기축,기축,,1,0,0,0,0,0,0,0,0,0,0,0,0,0,0,0
제로페이,제로페이,,6,0,0,0,0,0,0,0,0,0,0,0,0,0,0,0
연합회,연합회,,1,0,0,0,0,0,0,0,0,0,0,0,0,0,0,0
리스크,리스크,,11,0,0,0,0,0,0,0,0,0,0,0,0,0,0,0
간담회,간담회,,10,0,0,0,0,0,0,0,0,0,0,0,0,0,0,0
상장,상장,,3,0,0,0,0,0,0,0,0,0,0,0,0,0,0,0
토큰,토큰,,4,0,0,0,0,0,0,0,0,0,0,0,0,0,0,0
내년,내년,,21,0,0,0,0,0,0,0,0,0,0,0,0,0,0,0
무료,무료,,4,0,0,0,0,0,0,0,0,0,0,0,0,0,0,0
트,트,,5,0,0,0,0,0,0,0,0,0,0,0,0,0,0,0
페이먼,페이먼,,1,0,0,0,0,0,0,0,0,0,0,0,0,0,0,0
지정,지정,,4,0,0,0,0,0,0,0,0,0,0,0,0,0,0,0
비자,비자,,3,0,0,0,0,0,0,0,0,0,0,0,0,0,0,0
금지,금지,,11,0,0,0,0,0,0,0,0,0,0,0,0,0,0,0
인력,인력,,5,0,0,0,0,0,0,0,0,0,0,0,0,0,0,0
암호,암호,,5,0,0,0,0,0,0,0,0,0,0,0,0,0,0,0
통신,통신,,20,0,0,0,0,0,0,0,0,0,0,0,0,0,0,0
건수,건수,,7,0,0,0,0,0,0,0,0,0,0,0,0,0,0,0
전자지급결제,전자지급결제,,1,0,0,0,0,0,0,0,0,0,0,0,0,0,0,0
대행업,대행업,,1,0,0,0,0,0,0,0,0,0,0,0,0,0,0,0
중소,중소,,7,0,0,0,0,0,0,0,0,0,0,0,0,0,0,0
체결,체결,,3,0,0,0,0,0,0,0,0,0,0,0,0,0,0,0
협약,협약,,4,0,0,0,0,0,0,0,0,0,0,0,0,0,0,0
하락,하락,,1,0,0,0,0,0,0,0,0,0,0,0,0,0,0,0
판매,판매,,14,0,0,0,0,0,0,0,0,0,0,0,0,0,0,0
소득,소득,,3,0,0,0,0,0,0,0,0,0,0,0,0,0,0,0
공제,공제,,2,0,0,0,0,0,0,0,0,0,0,0,0,0,0,0
가입,가입,,4,0,0,0,0,0,0,0,0,0,0,0,0,0,0,0
차지,차지,,2,0,0,0,0,0,0,0,0,0,0,0,0,0,0,0
토리,토리,,2,0,0,0,0,0,0,0,0,0,0,0,0,0,0,0
주도,주도,,10,0,0,0,0,0,0,0,0,0,0,0,0,0,0,0
고유,고유,,7,0,0,0,0,0,0,0,0,0,0,0,0,0,0,0
황,황,,1,0,0,0,0,0,0,0,0,0,0,0,0,0,0,0
최종구,최종구,,1,0,0,0,0,0,0,0,0,0,0,0,0,0,0,0
길,길,,4,0,0,0,0,0,0,0,0,0,0,0,0,0,0,0
재정,재정,,6,0,0,0,0,0,0,0,0,0,0,0,0,0,0,0
등급,등급,,2,0,0,0,0,0,0,0,0,0,0,0,0,0,0,0
상거래,상거래,,9,0,0,0,0,0,0,0,0,0,0,0,0,0,0,0
진입,진입,,5,0,0,0,0,0,0,0,0,0,0,0,0,0,0,0
오늘,오늘,,3,0,0,0,0,0,0,0,0,0,0,0,0,0,0,0
P2P,P2P,,4,0,0,0,0,0,0,0,0,0,0,0,0,0,0,0
헉,헉,,2,0,0,0,0,0,0,0,0,0,0,0,0,0,0,0
시장법,시장법,,1,0,0,0,0,0,0,0,0,0,0,0,0,0,0,0
경영,경영,,12,0,0,0,0,0,0,0,0,0,0,0,0,0,0,0
생체,생체,,1,0,0,0,0,0,0,0,0,0,0,0,0,0,0,0
위안화,위안화,,2,0,0,0,0,0,0,0,0,0,0,0,0,0,0,0
역량,역량,,5,0,0,0,0,0,0,0,0,0,0,0,0,0,0,0
홈페이지,홈페이지,,6,0,0,0,0,0,0,0,0,0,0,0,0,0,0,0
물가,물가,,7,0,0,0,0,0,0,0,0,0,0,0,0,0,0,0
잼,잼,,10,0,0,0,0,0,0,0,0,0,0,0,0,0,0,0
클릭,클릭,,5,0,0,0,0,0,0,0,0,0,0,0,0,0,0,0
맹점,맹점,,4,0,0,0,0,0,0,0,0,0,0,0,0,0,0,0
혁명,혁명,,5,0,0,0,0,0,0,0,0,0,0,0,0,0,0,0
배달,배달,,4,0,0,0,0,0,0,0,0,0,0,0,0,0,0,0
이야기,이야기,,5,0,0,0,0,0,0,0,0,0,0,0,0,0,0,0
편의점,편의점,,1,0,0,0,0,0,0,0,0,0,0,0,0,0,0,0
스타,스타,,5,0,0,0,0,0,0,0,0,0,0,0,0,0,0,0
은산,은산,,2,0,0,0,0,0,0,0,0,0,0,0,0,0,0,0
분리,분리,,3,0,0,0,0,0,0,0,0,0,0,0,0,0,0,0
거리,거리,,6,0,0,0,0,0,0,0,0,0,0,0,0,0,0,0
지방,지방,,2,0,0,0,0,0,0,0,0,0,0,0,0,0,0,0
산정,산정,,4,0,0,0,0,0,0,0,0,0,0,0,0,0,0,0
펀드,펀드,,7,0,0,0,0,0,0,0,0,0,0,0,0,0,0,0
사모,사모,,1,0,0,0,0,0,0,0,0,0,0,0,0,0,0,0
골,골,,5,0,0,0,0,0,0,0,0,0,0,0,0,0,0,0
편의,편의,,7,0,0,0,0,0,0,0,0,0,0,0,0,0,0,0
텐센트,텐센트,,2,0,0,0,0,0,0,0,0,0,0,0,0,0,0,0
투기,투기,,4,0,0,0,0,0,0,0,0,0,0,0,0,0,0,0
연예뉴스,연예뉴스,,5,0,0,0,0,0,0,0,0,0,0,0,0,0,0,0
분산,분산,,1,0,0,0,0,0,0,0,0,0,0,0,0,0,0,0
손해,손해,,1,0,0,0,0,0,0,0,0,0,0,0,0,0,0,0
시중,시중,,1,0,0,0,0,0,0,0,0,0,0,0,0,0,0,0
여신금융협회,여신금융협회,,3,0,0,0,0,0,0,0,0,0,0,0,0,0,0,0
협업,협업,,6,0,0,0,0,0,0,0,0,0,0,0,0,0,0,0
의무,의무,,17,0,0,0,0,0,0,0,0,0,0,0,0,0,0,0
구매,구매,,5,0,0,0,0,0,0,0,0,0,0,0,0,0,0,0
점검,점검,,4,0,0,0,0,0,0,0,0,0,0,0,0,0,0,0
변호사,변호사,,7,0,0,0,0,0,0,0,0,0,0,0,0,0,0,0
재무,재무,,1,0,0,0,0,0,0,0,0,0,0,0,0,0,0,0
장관,장관,,3,0,0,0,0,0,0,0,0,0,0,0,0,0,0,0
취약,취약,,1,0,0,0,0,0,0,0,0,0,0,0,0,0,0,0
계층,계층,,3,0,0,0,0,0,0,0,0,0,0,0,0,0,0,0
할인,할인,,1,0,0,0,0,0,0,0,0,0,0,0,0,0,0,0
꿀,꿀,,10,0,0,0,0,0,0,0,0,0,0,0,0,0,0,0
버스,버스,,1,0,0,0,0,0,0,0,0,0,0,0,0,0,0,0
멤,멤,,1,0,0,0,0,0,0,0,0,0,0,0,0,0,0,0
위험,위험,,11,0,0,0,0,0,0,0,0,0,0,0,0,0,0,0
개편,개편,,5,0,0,0,0,0,0,0,0,0,0,0,0,0,0,0
윤관석,윤관석,,8,0,0,0,0,0,0,0,0,0,0,0,0,0,0,0
벤처,벤처,,4,0,0,0,0,0,0,0,0,0,0,0,0,0,0,0
중구,중구,,5,0,0,0,0,0,0,0,0,0,0,0,0,0,0,0
테슬라,테슬라,,2,0,0,0,0,0,0,0,0,0,0,0,0,0,0,0
자영업자,자영업자,,3,0,0,0,0,0,0,0,0,0,0,0,0,0,0,0
본인,본인,,6,0,0,0,0,0,0,0,0,0,0,0,0,0,0,0
출범,출범,,3,0,0,0,0,0,0,0,0,0,0,0,0,0,0,0
만화,만화,,4,0,0,0,0,0,0,0,0,0,0,0,0,0,0,0
일평균,일평균,,7,0,0,0,0,0,0,0,0,0,0,0,0,0,0,0
기간,기간,,4,0,0,0,0,0,0,0,0,0,0,0,0,0,0,0
태,태,,1,0,0,0,0,0,0,0,0,0,0,0,0,0,0,0
포스,포스,,1,0,0,0,0,0,0,0,0,0,0,0,0,0,0,0
공개,공개,,21,0,0,0,0,0,0,0,0,0,0,0,0,0,0,0
공식,공식,,4,0,0,0,0,0,0,0,0,0,0,0,0,0,0,0
가상,가상,,2,0,0,0,0,0,0,0,0,0,0,0,0,0,0,0
최초,최초,,3,0,0,0,0,0,0,0,0,0,0,0,0,0,0,0
예탁,예탁,,1,0,0,0,0,0,0,0,0,0,0,0,0,0,0,0
적격,적격,,5,0,0,0,0,0,0,0,0,0,0,0,0,0,0,0
주장,주장,,7,0,0,0,0,0,0,0,0,0,0,0,0,0,0,0
민족,민족,,1,0,0,0,0,0,0,0,0,0,0,0,0,0,0,0
비트,비트,,4,0,0,0,0,0,0,0,0,0,0,0,0,0,0,0
책임자,책임자,,1,0,0,0,0,0,0,0,0,0,0,0,0,0,0,0
이미지,이미지,,4,0,0,0,0,0,0,0,0,0,0,0,0,0,0,0
게티,게티,,2,0,0,0,0,0,0,0,0,0,0,0,0,0,0,0
대학원,대학원,,3,0,0,0,0,0,0,0,0,0,0,0,0,0,0,0
교수,교수,,14,0,0,0,0,0,0,0,0,0,0,0,0,0,0,0
코드,코드,,5,0,0,0,0,0,0,0,0,0,0,0,0,0,0,0
이상일,이상일,,2,0,0,0,0,0,0,0,0,0,0,0,0,0,0,0
스마트,스마트,,6,0,0,0,0,0,0,0,0,0,0,0,0,0,0,0
삼성카드,삼성카드,,1,0,0,0,0,0,0,0,0,0,0,0,0,0,0,0
전면,전면,,1,0,0,0,0,0,0,0,0,0,0,0,0,0,0,0
인수,인수,,3,0,0,0,0,0,0,0,0,0,0,0,0,0,0,0
합병,합병,,1,0,0,0,0,0,0,0,0,0,0,0,0,0,0,0
중개,중개,,4,0,0,0,0,0,0,0,0,0,0,0,0,0,0,0
시세,시세,,2,0,0,0,0,0,0,0,0,0,0,0,0,0,0,0
대신,대신,,2,0,0,0,0,0,0,0,0,0,0,0,0,0,0,0
외환,외환,,4,0,0,0,0,0,0,0,0,0,0,0,0,0,0,0
헤럴드,헤럴드,,5,0,0,0,0,0,0,0,0,0,0,0,0,0,0,0
갈등,갈등,,8,0,0,0,0,0,0,0,0,0,0,0,0,0,0,0
설,설,,1,0,0,0,0,0,0,0,0,0,0,0,0,0,0,0
명회,명회,,1,0,0,0,0,0,0,0,0,0,0,0,0,0,0,0
수요,수요,,5,0,0,0,0,0,0,0,0,0,0,0,0,0,0,0
변동,변동,,3,0,0,0,0,0,0,0,0,0,0,0,0,0,0,0
적립,적립,,2,0,0,0,0,0,0,0,0,0,0,0,0,0,0,0
선임,선임,,2,0,0,0,0,0,0,0,0,0,0,0,0,0,0,0
캐시,캐시,,2,0,0,0,0,0,0,0,0,0,0,0,0,0,0,0
심사,심사,,9,0,0,0,0,0,0,0,0,0,0,0,0,0,0,0
결제망,결제망,,2,0,0,0,0,0,0,0,0,0,0,0,0,0,0,0
이정훈,이정훈,,6,0,0,0,0,0,0,0,0,0,0,0,0,0,0,0
납부,납부,,1,0,0,0,0,0,0,0,0,0,0,0,0,0,0,0
체인,체인,,1,0,0,0,0,0,0,0,0,0,0,0,0,0,0,0
국민은행,국민은행,,1,0,0,0,0,0,0,0,0,0,0,0,0,0,0,0
펌,펌,,1,0,0,0,0,0,0,0,0,0,0,0,0,0,0,0
김,김,,9,0,0,0,0,0,0,0,0,0,0,0,0,0,0,0
취급,취급,,1,0,0,0,0,0,0,0,0,0,0,0,0,0,0,0
별도,별도,,4,0,0,0,0,0,0,0,0,0,0,0,0,0,0,0
개최,개최,,8,0,0,0,0,0,0,0,0,0,0,0,0,0,0,0
연합,연합,,2,0,0,0,0,0,0,0,0,0,0,0,0,0,0,0
업그레이드,업그레이드,,7,0,0,0,0,0,0,0,0,0,0,0,0,0,0,0
전문가,전문가,,6,0,0,0,0,0,0,0,0,0,0,0,0,0,0,0
제출,제출,,5,0,0,0,0,0,0,0,0,0,0,0,0,0,0,0
시범,시범,,3,0,0,0,0,0,0,0,0,0,0,0,0,0,0,0
승인,승인,,2,0,0,0,0,0,0,0,0,0,0,0,0,0,0,0
가상통화,가상통화,,8,0,0,0,0,0,0,0,0,0,0,0,0,0,0,0
뒤,뒤,,4,0,0,0,0,0,0,0,0,0,0,0,0,0,0,0
연구소,연구소,,9,0,0,0,0,0,0,0,0,0,0,0,0,0,0,0
매장,매장,,1,0,0,0,0,0,0,0,0,0,0,0,0,0,0,0
믹,믹,,1,0,0,0,0,0,0,0,0,0,0,0,0,0,0,0
팬데,팬데,,1,0,0,0,0,0,0,0,0,0,0,0,0,0,0,0
실명,실명,,4,0,0,0,0,0,0,0,0,0,0,0,0,0,0,0
가속,가속,,2,0,0,0,0,0,0,0,0,0,0,0,0,0,0,0
베이스,베이스,,1,0,0,0,0,0,0,0,0,0,0,0,0,0,0,0
본격,본격,,9,0,0,0,0,0,0,0,0,0,0,0,0,0,0,0
고승범,고승범,,1,0,0,0,0,0,0,0,0,0,0,0,0,0,0,0
팀,팀,,3,0,0,0,0,0,0,0,0,0,0,0,0,0,0,0
행장,행장,,3,0,0,0,0,0,0,0,0,0,0,0,0,0,0,0
전자지급결제대행,전자지급결제대행,,5,0,0,0,0,0,0,0,0,0,0,0,0,0,0,0
스탠드,스탠드,,4,0,0,0,0,0,0,0,0,0,0,0,0,0,0,0
리플,리플,,6,0,0,0,0,0,0,0,0,0,0,0,0,0,0,0
입력,입력,,2,0,0,0,0,0,0,0,0,0,0,0,0,0,0,0
상생,상생,,2,0,0,0,0,0,0,0,0,0,0,0,0,0,0,0
협력사,협력사,,3,0,0,0,0,0,0,0,0,0,0,0,0,0,0,0
자율,자율,,1,0,0,0,0,0,0,0,0,0,0,0,0,0,0,0
주행,주행,,1,0,0,0,0,0,0,0,0,0,0,0,0,0,0,0
선물,선물,,1,0,0,0,0,0,0,0,0,0,0,0,0,0,0,0
출금,출금,,2,0,0,0,0,0,0,0,0,0,0,0,0,0,0,0
농협은행,농협은행,,1,0,0,0,0,0,0,0,0,0,0,0,0,0,0,0
수납,수납,,2,0,0,0,0,0,0,0,0,0,0,0,0,0,0,0
클라우드,클라우드,,4,0,0,0,0,0,0,0,0,0,0,0,0,0,0,0
차별,차별,,7,0,0,0,0,0,0,0,0,0,0,0,0,0,0,0
유럽,유럽,,4,0,0,0,0,0,0,0,0,0,0,0,0,0,0,0
대한민국,대한민국,,2,0,0,0,0,0,0,0,0,0,0,0,0,0,0,0
구글,구글,,5,0,0,0,0,0,0,0,0,0,0,0,0,0,0,0
애플,애플,,3,0,0,0,0,0,0,0,0,0,0,0,0,0,0,0
생태,생태,,7,0,0,0,0,0,0,0,0,0,0,0,0,0,0,0
해킹,해킹,,2,0,0,0,0,0,0,0,0,0,0,0,0,0,0,0
인정,인정,,3,0,0,0,0,0,0,0,0,0,0,0,0,0,0,0
한도,한도,,5,0,0,0,0,0,0,0,0,0,0,0,0,0,0,0
자산관리,자산관리,,4,0,0,0,0,0,0,0,0,0,0,0,0,0,0,0
도지,도지,,1,0,0,0,0,0,0,0,0,0,0,0,0,0,0,0
코로나,코로나,,4,0,0,0,0,0,0,0,0,0,0,0,0,0,0,0
종합지급결제사업자,종합지급결제사업자,,5,0,0,0,0,0,0,0,0,0,0,0,0,0,0,0
지분,지분,,1,0,0,0,0,0,0,0,0,0,0,0,0,0,0,0
최신,최신,,6,0,0,0,0,0,0,0,0,0,0,0,0,0,0,0
친구,친구,,2,0,0,0,0,0,0,0,0,0,0,0,0,0,0,0
연매출,연매출,,2,0,0,0,0,0,0,0,0,0,0,0,0,0,0,0
설정,설정,,5,0,0,0,0,0,0,0,0,0,0,0,0,0,0,0
후불결제,후불결제,,5,0,0,0,0,0,0,0,0,0,0,0,0,0,0,0
망,망,,1,0,0,0,0,0,0,0,0,0,0,0,0,0,0,0
테스트,테스트,,8,0,0,0,0,0,0,0,0,0,0,0,0,0,0,0
파트,파트,,1,0,0,0,0,0,0,0,0,0,0,0,0,0,0,0
너스,너스,,1,0,0,0,0,0,0,0,0,0,0,0,0,0,0,0
잔액,잔액,,1,0,0,0,0,0,0,0,0,0,0,0,0,0,0,0
신탁,신탁,,1,0,0,0,0,0,0,0,0,0,0,0,0,0,0,0
변형,변형,,3,0,0,0,0,0,0,0,0,0,0,0,0,0,0,0
컨소시엄,컨소시엄,,1,0,0,0,0,0,0,0,0,0,0,0,0,0,0,0
소외,소외,,2,0,0,0,0,0,0,0,0,0,0,0,0,0,0,0
단장,단장,,3,0,0,0,0,0,0,0,0,0,0,0,0,0,0,0
데일리안,데일리안,,3,0,0,0,0,0,0,0,0,0,0,0,0,0,0,0
접목,접목,,1,0,0,0,0,0,0,0,0,0,0,0,0,0,0,0
예치,예치,,3,0,0,0,0,0,0,0,0,0,0,0,0,0,0,0
지난달,지난달,,7,0,0,0,0,0,0,0,0,0,0,0,0,0,0,0
파트너,파트너,,1,0,0,0,0,0,0,0,0,0,0,0,0,0,0,0
손,손,,5,0,0,0,0,0,0,0,0,0,0,0,0,0,0,0
예술,예술,,1,0,0,0,0,0,0,0,0,0,0,0,0,0,0,0
닷넷,닷넷,,7,0,0,0,0,0,0,0,0,0,0,0,0,0,0,0
의견,의견,,11,0,0,0,0,0,0,0,0,0,0,0,0,0,0,0
스웨덴,스웨덴,,1,0,0,0,0,0,0,0,0,0,0,0,0,0,0,0
달,달,,2,0,0,0,0,0,0,0,0,0,0,0,0,0,0,0
의장,의장,,1,0,0,0,0,0,0,0,0,0,0,0,0,0,0,0
파월,파월,,1,0,0,0,0,0,0,0,0,0,0,0,0,0,0,0
대행,대행,,5,0,0,0,0,0,0,0,0,0,0,0,0,0,0,0
딜라이트,딜라이트,,7,0,0,0,0,0,0,0,0,0,0,0,0,0,0,0
입출금,입출금,,2,0,0,0,0,0,0,0,0,0,0,0,0,0,0,0
실시간,실시간,,3,0,0,0,0,0,0,0,0,0,0,0,0,0,0,0
경기,경기,,5,0,0,0,0,0,0,0,0,0,0,0,0,0,0,0
가정상담소,가정상담소,,6,0,0,0,0,0,0,0,0,0,0,0,0,0,0,0
가상계좌,가상계좌,,2,0,0,0,0,0,0,0,0,0,0,0,0,0,0,0
홍콩,홍콩,,1,0,0,0,0,0,0,0,0,0,0,0,0,0,0,0
수렴,수렴,,1,0,0,0,0,0,0,0,0,0,0,0,0,0,0,0
경험,경험,,4,0,0,0,0,0,0,0,0,0,0,0,0,0,0,0
은행업,은행업,,1,0,0,0,0,0,0,0,0,0,0,0,0,0,0,0
계열사,계열사,,1,0,0,0,0,0,0,0,0,0,0,0,0,0,0,0
회복,회복,,2,0,0,0,0,0,0,0,0,0,0,0,0,0,0,0
테일,테일,,1,0,0,0,0,0,0,0,0,0,0,0,0,0,0,0
리,리,,2,0,0,0,0,0,0,0,0,0,0,0,0,0,0,0
사항,사항,,3,0,0,0,0,0,0,0,0,0,0,0,0,0,0,0
폐쇄,폐쇄,,3,0,0,0,0,0,0,0,0,0,0,0,0,0,0,0
창구,창구,,1,0,0,0,0,0,0,0,0,0,0,0,0,0,0,0
융합,융합,,4,0,0,0,0,0,0,0,0,0,0,0,0,0,0,0
신설,신설,,3,0,0,0,0,0,0,0,0,0,0,0,0,0,0,0
음식,음식,,1,0,0,0,0,0,0,0,0,0,0,0,0,0,0,0
흐름,흐름,,1,0,0,0,0,0,0,0,0,0,0,0,0,0,0,0
샌드박스,샌드박스,,2,0,0,0,0,0,0,0,0,0,0,0,0,0,0,0
맞춤,맞춤,,7,0,0,0,0,0,0,0,0,0,0,0,0,0,0,0
차원,차원,,3,0,0,0,0,0,0,0,0,0,0,0,0,0,0,0
베이징,베이징,,1,0,0,0,0,0,0,0,0,0,0,0,0,0,0,0
제정,제정,,1,0,0,0,0,0,0,0,0,0,0,0,0,0,0,0
머지포인트,머지포인트,,1,0,0,0,0,0,0,0,0,0,0,0,0,0,0,0
마이페이먼트,마이페이먼트,,3,0,0,0,0,0,0,0,0,0,0,0,0,0,0,0
선정,선정,,2,0,0,0,0,0,0,0,0,0,0,0,0,0,0,0
알트,알트,,1,0,0,0,0,0,0,0,0,0,0,0,0,0,0,0
삼성전자,삼성전자,,1,0,0,0,0,0,0,0,0,0,0,0,0,0,0,0
웹툰,웹툰,,7,0,0,0,0,0,0,0,0,0,0,0,0,0,0,0
악화,악화,,3,0,0,0,0,0,0,0,0,0,0,0,0,0,0,0
입금,입금,,1,0,0,0,0,0,0,0,0,0,0,0,0,0,0,0
중소기업,중소기업,,2,0,0,0,0,0,0,0,0,0,0,0,0,0,0,0
베트남,베트남,,5,0,0,0,0,0,0,0,0,0,0,0,0,0,0,0
실제,실제,,6,0,0,0,0,0,0,0,0,0,0,0,0,0,0,0
전화,전화,,2,0,0,0,0,0,0,0,0,0,0,0,0,0,0,0
휴대,휴대,,1,0,0,0,0,0,0,0,0,0,0,0,0,0,0,0
입법,입법,,2,0,0,0,0,0,0,0,0,0,0,0,0,0,0,0
정산,정산,,4,0,0,0,0,0,0,0,0,0,0,0,0,0,0,0
동일,동일,,3,0,0,0,0,0,0,0,0,0,0,0,0,0,0,0
원칙,원칙,,1,0,0,0,0,0,0,0,0,0,0,0,0,0,0,0
조치,조치,,3,0,0,0,0,0,0,0,0,0,0,0,0,0,0,0
경제학,경제학,,1,0,0,0,0,0,0,0,0,0,0,0,0,0,0,0
참석,참석,,6,0,0,0,0,0,0,0,0,0,0,0,0,0,0,0
매경,매경,,3,0,0,0,0,0,0,0,0,0,0,0,0,0,0,0
금융지주,금융지주,,1,0,0,0,0,0,0,0,0,0,0,0,0,0,0,0
기조,기조,,2,0,0,0,0,0,0,0,0,0,0,0,0,0,0,0
급등,급등,,1,0,0,0,0,0,0,0,0,0,0,0,0,0,0,0
제조,제조,,1,0,0,0,0,0,0,0,0,0,0,0,0,0,0,0
장기,장기,,4,0,0,0,0,0,0,0,0,0,0,0,0,0,0,0
어려움,어려움,,1,0,0,0,0,0,0,0,0,0,0,0,0,0,0,0
포스트,포스트,,1,0,0,0,0,0,0,0,0,0,0,0,0,0,0,0
이자,이자,,2,0,0,0,0,0,0,0,0,0,0,0,0,0,0,0
장벽,장벽,,1,0,0,0,0,0,0,0,0,0,0,0,0,0,0,0
유니콘,유니콘,,1,0,0,0,0,0,0,0,0,0,0,0,0,0,0,0
협,협,,2,0,0,0,0,0,0,0,0,0,0,0,0,0,0,0
약식,약식,,1,0,0,0,0,0,0,0,0,0,0,0,0,0,0,0
감시,감시,,2,0,0,0,0,0,0,0,0,0,0,0,0,0,0,0
여의도,여의도,,1,0,0,0,0,0,0,0,0,0,0,0,0,0,0,0
대안,대안,,2,0,0,0,0,0,0,0,0,0,0,0,0,0,0,0
후보,후보,,2,0,0,0,0,0,0,0,0,0,0,0,0,0,0,0
박,박,,2,0,0,0,0,0,0,0,0,0,0,0,0,0,0,0
노트,노트,,7,0,0,0,0,0,0,0,0,0,0,0,0,0,0,0
납품,납품,,1,0,0,0,0,0,0,0,0,0,0,0,0,0,0,0
공공,공공,,4,0,0,0,0,0,0,0,0,0,0,0,0,0,0,0
부과,부과,,1,0,0,0,0,0,0,0,0,0,0,0,0,0,0,0
주제,주제,,7,0,0,0,0,0,0,0,0,0,0,0,0,0,0,0
보증,보증,,4,0,0,0,0,0,0,0,0,0,0,0,0,0,0,0
교통,교통,,1,0,0,0,0,0,0,0,0,0,0,0,0,0,0,0
자사,자사,,2,0,0,0,0,0,0,0,0,0,0,0,0,0,0,0
상업,상업,,1,0,0,0,0,0,0,0,0,0,0,0,0,0,0,0
구현,구현,,2,0,0,0,0,0,0,0,0,0,0,0,0,0,0,0
발,발,,5,0,0,0,0,0,0,0,0,0,0,0,0,0,0,0
업종,업종,,1,0,0,0,0,0,0,0,0,0,0,0,0,0,0,0
전업,전업,,1,0,0,0,0,0,0,0,0,0,0,0,0,0,0,0
유동,유동,,2,0,0,0,0,0,0,0,0,0,0,0,0,0,0,0
하반기,하반기,,5,0,0,0,0,0,0,0,0,0,0,0,0,0,0,0
피싱,피싱,,1,0,0,0,0,0,0,0,0,0,0,0,0,0,0,0
보이스,보이스,,1,0,0,0,0,0,0,0,0,0,0,0,0,0,0,0
설치,설치,,3,0,0,0,0,0,0,0,0,0,0,0,0,0,0,0
작품,작품,,10,0,0,0,0,0,0,0,0,0,0,0,0,0,0,0
미술,미술,,10,0,0,0,0,0,0,0,0,0,0,0,0,0,0,0
자회사,자회사,,2,0,0,0,0,0,0,0,0,0,0,0,0,0,0,0
재미,재미,,4,0,0,0,0,0,0,0,0,0,0,0,0,0,0,0
전국,전국,,3,0,0,0,0,0,0,0,0,0,0,0,0,0,0,0
생명,생명,,1,0,0,0,0,0,0,0,0,0,0,0,0,0,0,0
관심,관심,,5,0,0,0,0,0,0,0,0,0,0,0,0,0,0,0
스토어,스토어,,2,0,0,0,0,0,0,0,0,0,0,0,0,0,0,0
제국,제국,,1,0,0,0,0,0,0,0,0,0,0,0,0,0,0,0
결,결,,1,0,0,0,0,0,0,0,0,0,0,0,0,0,0,0
본부,본부,,2,0,0,0,0,0,0,0,0,0,0,0,0,0,0,0
빅브라더,빅브라더,,3,0,0,0,0,0,0,0,0,0,0,0,0,0,0,0
방문,방문,,1,0,0,0,0,0,0,0,0,0,0,0,0,0,0,0
통장,통장,,1,0,0,0,0,0,0,0,0,0,0,0,0,0,0,0
침해,침해,,4,0,0,0,0,0,0,0,0,0,0,0,0,0,0,0
금융서비스,금융서비스,,1,0,0,0,0,0,0,0,0,0,0,0,0,0,0,0
행위,행위,,5,0,0,0,0,0,0,0,0,0,0,0,0,0,0,0
무역,무역,,2,0,0,0,0,0,0,0,0,0,0,0,0,0,0,0
트렌드,트렌드,,3,0,0,0,0,0,0,0,0,0,0,0,0,0,0,0
제고,제고,,4,0,0,0,0,0,0,0,0,0,0,0,0,0,0,0
점포,점포,,1,0,0,0,0,0,0,0,0,0,0,0,0,0,0,0
테크,테크,,1,0,0,0,0,0,0,0,0,0,0,0,0,0,0,0
직원,직원,,1,0,0,0,0,0,0,0,0,0,0,0,0,0,0,0
저장,저장,,3,0,0,0,0,0,0,0,0,0,0,0,0,0,0,0
발굴,발굴,,4,0,0,0,0,0,0,0,0,0,0,0,0,0,0,0
선불카드,선불카드,,1,0,0,0,0,0,0,0,0,0,0,0,0,0,0,0
헤지,헤지,,1,0,0,0,0,0,0,0,0,0,0,0,0,0,0,0
물류,물류,,1,0,0,0,0,0,0,0,0,0,0,0,0,0,0,0
책임,책임,,1,0,0,0,0,0,0,0,0,0,0,0,0,0,0,0
사고,사고,,2,0,0,0,0,0,0,0,0,0,0,0,0,0,0,0
극복,극복,,1,0,0,0,0,0,0,0,0,0,0,0,0,0,0,0
롯데카드,롯데카드,,1,0,0,0,0,0,0,0,0,0,0,0,0,0,0,0
상환,상환,,1,0,0,0,0,0,0,0,0,0,0,0,0,0,0,0
크라우드,크라우드,,1,0,0,0,0,0,0,0,0,0,0,0,0,0,0,0
펀딩,펀딩,,1,0,0,0,0,0,0,0,0,0,0,0,0,0,0,0
밴사,밴사,,4,0,0,0,0,0,0,0,0,0,0,0,0,0,0,0
체크,체크,,2,0,0,0,0,0,0,0,0,0,0,0,0,0,0,0
조항,조항,,1,0,0,0,0,0,0,0,0,0,0,0,0,0,0,0
조성,조성,,4,0,0,0,0,0,0,0,0,0,0,0,0,0,0,0
제외,제외,,2,0,0,0,0,0,0,0,0,0,0,0,0,0,0,0
디,디,,1,0,0,0,0,0,0,0,0,0,0,0,0,0,0,0
회관,회관,,1,0,0,0,0,0,0,0,0,0,0,0,0,0,0,0
브랜드,브랜드,,1,0,0,0,0,0,0,0,0,0,0,0,0,0,0,0
외화,외화,,2,0,0,0,0,0,0,0,0,0,0,0,0,0,0,0
라인,라인,,1,0,0,0,0,0,0,0,0,0,0,0,0,0,0,0
채용,채용,,1,0,0,0,0,0,0,0,0,0,0,0,0,0,0,0
금결원,금결원,,4,0,0,0,0,0,0,0,0,0,0,0,0,0,0,0
제보,제보,,5,0,0,0,0,0,0,0,0,0,0,0,0,0,0,0
라이트,라이트,,1,0,0,0,0,0,0,0,0,0,0,0,0,0,0,0
민트,민트,,1,0,0,0,0,0,0,0,0,0,0,0,0,0,0,0
서울시,서울시,,3,0,0,0,0,0,0,0,0,0,0,0,0,0,0,0
사이버,사이버,,1,0,0,0,0,0,0,0,0,0,0,0,0,0,0,0
중단,중단,,1,0,0,0,0,0,0,0,0,0,0,0,0,0,0,0
금융통화위원회,금융통화위원회,,2,0,0,0,0,0,0,0,0,0,0,0,0,0,0,0
운동장,운동장,,2,0,0,0,0,0,0,0,0,0,0,0,0,0,0,0
데스크,데스크,,1,0,0,0,0,0,0,0,0,0,0,0,0,0,0,0
학부,학부,,1,0,0,0,0,0,0,0,0,0,0,0,0,0,0,0
하영구,하영구,,2,0,0,0,0,0,0,0,0,0,0,0,0,0,0,0
매출액,매출액,,3,0,0,0,0,0,0,0,0,0,0,0,0,0,0,0
대체,대체,,4,0,0,0,0,0,0,0,0,0,0,0,0,0,0,0
황영기,황영기,,1,0,0,0,0,0,0,0,0,0,0,0,0,0,0,0
공여,공여,,1,0,0,0,0,0,0,0,0,0,0,0,0,0,0,0
농협,농협,,2,0,0,0,0,0,0,0,0,0,0,0,0,0,0,0
이베이,이베이,,1,0,0,0,0,0,0,0,0,0,0,0,0,0,0,0
분산원장,분산원장,,1,0,0,0,0,0,0,0,0,0,0,0,0,0,0,0
토스뱅크,토스뱅크,,1,0,0,0,0,0,0,0,0,0,0,0,0,0,0,0
상대,상대,,1,0,0,0,0,0,0,0,0,0,0,0,0,0,0,0
공정거래위,공정거래위,,1,0,0,0,0,0,0,0,0,0,0,0,0,0,0,0
원회,원회,,1,0,0,0,0,0,0,0,0,0,0,0,0,0,0,0
여파,여파,,1,0,0,0,0,0,0,0,0,0,0,0,0,0,0,0
방침,방침,,1,0,0,0,0,0,0,0,0,0,0,0,0,0,0,0
인원,인원,,1,0,0,0,0,0,0,0,0,0,0,0,0,0,0,0
중기,중기,,1,0,0,0,0,0,0,0,0,0,0,0,0,0,0,0
씨티,씨티,,1,0,0,0,0,0,0,0,0,0,0,0,0,0,0,0
동영상,동영상,,1,0,0,0,0,0,0,0,0,0,0,0,0,0,0,0
발간,발간,,2,0,0,0,0,0,0,0,0,0,0,0,0,0,0,0
인도네시아,인도네시아,,2,0,0,0,0,0,0,0,0,0,0,0,0,0,0,0
은행장,은행장,,1,0,0,0,0,0,0,0,0,0,0,0,0,0,0,0
자동차,자동차,,2,0,0,0,0,0,0,0,0,0,0,0,0,0,0,0
주택,주택,,1,0,0,0,0,0,0,0,0,0,0,0,0,0,0,0
공짜,공짜,,6,0,0,0,0,0,0,0,0,0,0,0,0,0,0,0
허가,허가,,1,0,0,0,0,0,0,0,0,0,0,0,0,0,0,0
추천,추천,,1,0,0,0,0,0,0,0,0,0,0,0,0,0,0,0
법학,법학,,3,0,0,0,0,0,0,0,0,0,0,0,0,0,0,0
콘텐츠,콘텐츠,,4,0,0,0,0,0,0,0,0,0,0,0,0,0,0,0
신탁업,신탁업,,2,0,0,0,0,0,0,0,0,0,0,0,0,0,0,0
아이디어,아이디어,,2,0,0,0,0,0,0,0,0,0,0,0,0,0,0,0
페이팔,페이팔,,2,0,0,0,0,0,0,0,0,0,0,0,0,0,0,0
국정감사,국정감사,,1,0,0,0,0,0,0,0,0,0,0,0,0,0,0,0
재식,재식,,4,0,0,0,0,0,0,0,0,0,0,0,0,0,0,0
운세,운세,,5,0,0,0,0,0,0,0,0,0,0,0,0,0,0,0
처음,처음,,2,0,0,0,0,0,0,0,0,0,0,0,0,0,0,0
최종,최종,,1,0,0,0,0,0,0,0,0,0,0,0,0,0,0,0
중소가맹점,중소가맹점,,1,0,0,0,0,0,0,0,0,0,0,0,0,0,0,0
행사,행사,,3,0,0,0,0,0,0,0,0,0,0,0,0,0,0,0
조정,조정,,4,0,0,0,0,0,0,0,0,0,0,0,0,0,0,0
시가총액,시가총액,,1,0,0,0,0,0,0,0,0,0,0,0,0,0,0,0
작년,작년,,1,0,0,0,0,0,0,0,0,0,0,0,0,0,0,0
아마존,아마존,,1,0,0,0,0,0,0,0,0,0,0,0,0,0,0,0
여부,여부,,1,0,0,0,0,0,0,0,0,0,0,0,0,0,0,0
전자금융업자,전자금융업자,,1,0,0,0,0,0,0,0,0,0,0,0,0,0,0,0
한은법,한은법,,3,0,0,0,0,0,0,0,0,0,0,0,0,0,0,0
표준,표준,,4,0,0,0,0,0,0,0,0,0,0,0,0,0,0,0
연동,연동,,4,0,0,0,0,0,0,0,0,0,0,0,0,0,0,0
봇,봇,,1,0,0,0,0,0,0,0,0,0,0,0,0,0,0,0
챗,챗,,1,0,0,0,0,0,0,0,0,0,0,0,0,0,0,0
파일럿,파일럿,,1,0,0,0,0,0,0,0,0,0,0,0,0,0,0,0
토스페이먼츠,토스페이먼츠,,1,0,0,0,0,0,0,0,0,0,0,0,0,0,0,0
걸,걸,,6,0,0,0,0,0,0,0,0,0,0,0,0,0,0,0
매입,매입,,1,0,0,0,0,0,0,0,0,0,0,0,0,0,0,0
혁신방안,혁신방안,,2,0,0,0,0,0,0,0,0,0,0,0,0,0,0,0
결제액,결제액,,1,0,0,0,0,0,0,0,0,0,0,0,0,0,0,0
연준,연준,,2,0,0,0,0,0,0,0,0,0,0,0,0,0,0,0
연방준비제도,연방준비제도,,1,0,0,0,0,0,0,0,0,0,0,0,0,0,0,0
조선,조선,,1,0,0,0,0,0,0,0,0,0,0,0,0,0,0,0
비즈,비즈,,1,0,0,0,0,0,0,0,0,0,0,0,0,0,0,0
프로그램,프로그램,,1,0,0,0,0,0,0,0,0,0,0,0,0,0,0,0
건강,건강,,1,0,0,0,0,0,0,0,0,0,0,0,0,0,0,0
토정비결,토정비결,,2,0,0,0,0,0,0,0,0,0,0,0,0,0,0,0
반대,반대,,1,0,0,0,0,0,0,0,0,0,0,0,0,0,0,0
역외,역외,,1,0,0,0,0,0,0,0,0,0,0,0,0,0,0,0
웹,웹,,2,0,0,0,0,0,0,0,0,0,0,0,0,0,0,0
부족,부족,,2,0,0,0,0,0,0,0,0,0,0,0,0,0,0,0
테,테,,2,0,0,0,0,0,0,0,0,0,0,0,0,0,0,0
금융감독원,금융감독원,,2,0,0,0,0,0,0,0,0,0,0,0,0,0,0,0
주년,주년,,1,0,0,0,0,0,0,0,0,0,0,0,0,0,0,0
창립,창립,,1,0,0,0,0,0,0,0,0,0,0,0,0,0,0,0
판,판,,1,0,0,0,0,0,0,0,0,0,0,0,0,0,0,0
플라스틱,플라스틱,,1,0,0,0,0,0,0,0,0,0,0,0,0,0,0,0
자금세탁,자금세탁,,2,0,0,0,0,0,0,0,0,0,0,0,0,0,0,0
전용,전용,,1,0,0,0,0,0,0,0,0,0,0,0,0,0,0,0
수신,수신,,1,0,0,0,0,0,0,0,0,0,0,0,0,0,0,0
엔터,엔터,,2,0,0,0,0,0,0,0,0,0,0,0,0,0,0,0
실험,실험,,1,0,0,0,0,0,0,0,0,0,0,0,0,0,0,0
광고,광고,,1,0,0,0,0,0,0,0,0,0,0,0,0,0,0,0
열풍,열풍,,2,0,0,0,0,0,0,0,0,0,0,0,0,0,0,0
미래에셋대우,미래에셋대우,,1,0,0,0,0,0,0,0,0,0,0,0,0,0,0,0
공정,공정,,1,0,0,0,0,0,0,0,0,0,0,0,0,0,0,0
균형,균형,,2,0,0,0,0,0,0,0,0,0,0,0,0,0,0,0
포럼,포럼,,4,0,0,0,0,0,0,0,0,0,0,0,0,0,0,0
서울대,서울대,,1,0,0,0,0,0,0,0,0,0,0,0,0,0,0,0
창업,창업,,2,0,0,0,0,0,0,0,0,0,0,0,0,0,0,0
과거,과거,,1,0,0,0,0,0,0,0,0,0,0,0,0,0,0,0
판매자,판매자,,1,0,0,0,0,0,0,0,0,0,0,0,0,0,0,0
구매자,구매자,,1,0,0,0,0,0,0,0,0,0,0,0,0,0,0,0
내역,내역,,1,0,0,0,0,0,0,0,0,0,0,0,0,0,0,0
영세가맹점,영세가맹점,,1,0,0,0,0,0,0,0,0,0,0,0,0,0,0,0
랩,랩,,1,0,0,0,0,0,0,0,0,0,0,0,0,0,0,0
나카모토,나카모토,,1,0,0,0,0,0,0,0,0,0,0,0,0,0,0,0
사토시,사토시,,1,0,0,0,0,0,0,0,0,0,0,0,0,0,0,0
레이싱,레이싱,,6,0,0,0,0,0,0,0,0,0,0,0,0,0,0,0
당시,당시,,1,0,0,0,0,0,0,0,0,0,0,0,0,0,0,0
머스크,머스크,,2,0,0,0,0,0,0,0,0,0,0,0,0,0,0,0
종합지급결제업,종합지급결제업,,1,0,0,0,0,0,0,0,0,0,0,0,0,0,0,0
과세,과세,,1,0,0,0,0,0,0,0,0,0,0,0,0,0,0,0
트랜스,트랜스,,2,0,0,0,0,0,0,0,0,0,0,0,0,0,0,0
대책,대책,,1,0,0,0,0,0,0,0,0,0,0,0,0,0,0,0
마이크,마이크,,1,0,0,0,0,0,0,0,0,0,0,0,0,0,0,0
소프트,소프트,,1,0,0,0,0,0,0,0,0,0,0,0,0,0,0,0
상담,상담,,1,0,0,0,0,0,0,0,0,0,0,0,0,0,0,0
입출,입출,,1,0,0,0,0,0,0,0,0,0,0,0,0,0,0,0
금기,금기,,1,0,0,0,0,0,0,0,0,0,0,0,0,0,0,0
줄리아,줄리아,,6,0,0,0,0,0,0,0,0,0,0,0,0,0,0,0
외국환,외국환,,1,0,0,0,0,0,0,0,0,0,0,0,0,0,0,0
원가,원가,,1,0,0,0,0,0,0,0,0,0,0,0,0,0,0,0
인터뷰,인터뷰,,1,0,0,0,0,0,0,0,0,0,0,0,0,0,0,0
폐지,폐지,,1,0,0,0,0,0,0,0,0,0,0,0,0,0,0,0
커머스,커머스,,2,0,0,0,0,0,0,0,0,0,0,0,0,0,0,0
국제결제은행,국제결제은행,,1,0,0,0,0,0,0,0,0,0,0,0,0,0,0,0
샐러드,샐러드,,1,0,0,0,0,0,0,0,0,0,0,0,0,0,0,0
합리,합리,,1,0,0,0,0,0,0,0,0,0,0,0,0,0,0,0
안내,안내,,2,0,0,0,0,0,0,0,0,0,0,0,0,0,0,0
트위터,트위터,,1,0,0,0,0,0,0,0,0,0,0,0,0,0,0,0
스위프트,스위프트,,1,0,0,0,0,0,0,0,0,0,0,0,0,0,0,0
브라,브라,,1,0,0,0,0,0,0,0,0,0,0,0,0,0,0,0
인출,인출,,1,0,0,0,0,0,0,0,0,0,0,0,0,0,0,0
유명,유명,,10,0,0,0,0,0,0,0,0,0,0,0,0,0,0,0
선도,선도,,1,0,0,0,0,0,0,0,0,0,0,0,0,0,0,0
권대영,권대영,,2,0,0,0,0,0,0,0,0,0,0,0,0,0,0,0
모건,모건,,1,0,0,0,0,0,0,0,0,0,0,0,0,0,0,0
컨설팅,컨설팅,,2,0,0,0,0,0,0,0,0,0,0,0,0,0,0,0
자치,자치,,1,0,0,0,0,0,0,0,0,0,0,0,0,0,0,0
컨퍼런스,컨퍼런스,,1,0,0,0,0,0,0,0,0,0,0,0,0,0,0,0
담당,담당,,1,0,0,0,0,0,0,0,0,0,0,0,0,0,0,0
패턴,패턴,,1,0,0,0,0,0,0,0,0,0,0,0,0,0,0,0
급여,급여,,1,0,0,0,0,0,0,0,0,0,0,0,0,0,0,0
누적,누적,,1,0,0,0,0,0,0,0,0,0,0,0,0,0,0,0
모의실험,모의실험,,2,0,0,0,0,0,0,0,0,0,0,0,0,0,0,0
탑재,탑재,,1,0,0,0,0,0,0,0,0,0,0,0,0,0,0,0
앤트,앤트,,1,0,0,0,0,0,0,0,0,0,0,0,0,0,0,0
보안원,보안원,,1,0,0,0,0,0,0,0,0,0,0,0,0,0,0,0
작업,작업,,1,0,0,0,0,0,0,0,0,0,0,0,0,0,0,0
마이너스,마이너스,,1,0,0,0,0,0,0,0,0,0,0,0,0,0,0,0
위반,위반,,1,0,0,0,0,0,0,0,0,0,0,0,0,0,0,0
재테크,재테크,,1,0,0,0,0,0,0,0,0,0,0,0,0,0,0,0
사상,사상,,1,0,0,0,0,0,0,0,0,0,0,0,0,0,0,0
보관,보관,,1,0,0,0,0,0,0,0,0,0,0,0,0,0,0,0
초,초,,1,0,0,0,0,0,0,0,0,0,0,0,0,0,0,0
노우,노우,,1,0,0,0,0,0,0,0,0,0,0,0,0,0,0,0
두유,두유,,1,0,0,0,0,0,0,0,0,0,0,0,0,0,0,0
세미나,세미나,,1,0,0,0,0,0,0,0,0,0,0,0,0,0,0,0
비씨카드,비씨카드,,1,0,0,0,0,0,0,0,0,0,0,0,0,0,0,0
부총리,부총리,,1,0,0,0,0,0,0,0,0,0,0,0,0,0,0,0
반발,반발,,1,0,0,0,0,0,0,0,0,0,0,0,0,0,0,0
도전,도전,,1,0,0,0,0,0,0,0,0,0,0,0,0,0,0,0
방송,방송,,1,0,0,0,0,0,0,0,0,0,0,0,0,0,0,0
유사,유사,,1,0,0,0,0,0,0,0,0,0,0,0,0,0,0,0
상용,상용,,1,0,0,0,0,0,0,0,0,0,0,0,0,0,0,0
롯데,롯데,,1,0,0,0,0,0,0,0,0,0,0,0,0,0,0,0
모색,모색,,1,0,0,0,0,0,0,0,0,0,0,0,0,0,0,0
생방송,생방송,,1,0,0,0,0,0,0,0,0,0,0,0,0,0,0,0
링,링,,1,0,0,0,0,0,0,0,0,0,0,0,0,0,0,0
하우스,하우스,,1,0,0,0,0,0,0,0,0,0,0,0,0,0,0,0
제기,제기,,1,0,0,0,0,0,0,0,0,0,0,0,0,0,0,0
두기,두기,,1,0,0,0,0,0,0,0,0,0,0,0,0,0,0,0
헬스,헬스,,1,0,0,0,0,0,0,0,0,0,0,0,0,0,0,0
케어,케어,,1,0,0,0,0,0,0,0,0,0,0,0,0,0,0,0
원장,원장,,1,0,0,0,0,0,0,0,0,0,0,0,0,0,0,0
포메이션,포메이션,,1,0,0,0,0,0,0,0,0,0,0,0,0,0,0,0
인앱,인앱,,1,0,0,0,0,0,0,0,0,0,0,0,0,0,0,0
