,Topic,Words,Frequency,Timestamp
0,-1,"오전, 은행, 중국, 동전, 카드",154,2016-12-30 04:55:12
1,0,"위비, 뱅크, 행장, 대출, 데이터",18,2016-12-30 04:55:12
2,1,"증권사, 회장, 운동장, 신탁업, 증권",58,2016-12-30 04:55:12
3,2,"카드, 신한, 현대, 디지털, 빅데이터",13,2016-12-30 04:55:12
4,3,"로페이, 부업, 준비금, 제재, 사고",1,2016-12-30 04:55:12
5,4,"농업, 아시아, 레시피, 농협은행, 박소연",2,2016-12-30 04:55:12
6,5,"블록체인, 컨소시엄, 위변, 이경탁, 타임스",3,2016-12-30 04:55:12
7,6,"비트코인, 중국, 최고가, 원종태, 해킹",2,2016-12-30 04:55:12
8,7,"회장, 신탁업, 대결, 운동, 트럼프",3,2016-12-30 04:55:12
9,8,"화폐, 발행, 중앙은행, 디지털, 발걸음",1,2016-12-30 04:55:12
10,10,"체크카드, 하루, 신용카드, 평균, 카드",11,2016-12-30 04:55:12
11,11,"대리, 은산, 엔터, 이사, 인터넷전문은행",6,2016-12-30 04:55:12
12,12,"해먼드, 샌드박스, 셔스트, 핀테크, 대회",2,2016-12-30 04:55:12
13,13,"수수료, 카드사, 카드, 정률제, 밴사",6,2016-12-30 04:55:12
14,15,"평균, 하루, 분기, 일평균, 건수",8,2016-12-30 04:55:12
15,16,"구글, 안드로이드, 등록, 인터넷전문은행, 예금자",4,2016-12-30 04:55:12
16,17,"금리, 경기, 내수, 물가, 소비",2,2016-12-30 04:55:12
17,18,"p2p, 핀테크, 로보어드바이저, 일보, 대출",2,2016-12-30 04:55:12
18,20,"스위프트, 방글라데시, 북한, 잔액, 사건",5,2016-12-30 04:55:12
19,21,"도면, 총무, 동창회, 조회, 오픈뱅킹",1,2016-12-30 04:55:12
20,22,"스위프트, 인수, 페이스북, 동아일보, 리브",3,2016-12-30 04:55:12
21,23,"블로, 삼성, 블록체인, 양사, 금융망",3,2016-12-30 04:55:12
22,24,"중국, 알리페이, 알리바바, 위챗, 모바일",3,2016-12-30 04:55:12
23,26,"카카오페이, 카카오, 알리페이, 앤트파이낸셜, 중국",4,2016-12-30 04:55:12
24,31,"소액결제, 중개료, 수수료, 카드, 카드사",1,2016-12-30 04:55:12
25,34,"예금자, 예금, 보험, 곽범국, 보험금",1,2016-12-30 04:55:12
26,36,"정맥, 템플, 바이오, 인증, 핸드",1,2016-12-30 04:55:12
27,38,"영상, 제보, 공감, 언론, 이영환",7,2016-12-30 04:55:12
28,39,"외국환, 위반, 거래법, 플래닛, 이베이",3,2016-12-30 04:55:12
29,40,"모바일, 뱅킹, 금융서비스, 고령, 연령",1,2016-12-30 04:55:12
30,42,"체크카드, 일평균, 체크, 편의점, 신용카드",2,2016-12-30 04:55:12
31,44,"교육, 노후, 협의회, 수요자, 연금",1,2016-12-30 04:55:12
32,46,"손상, 원권, 앞수표, 폐기, 지폐",1,2016-12-30 04:55:12
33,48,"게임, 매출, 광고, 카카오, 알리페이",2,2016-12-30 04:55:12
34,52,"복장, 호칭, 유연근, 무제, 단순",1,2016-12-30 04:55:12
35,66,"레즈, 과금, 후불, 엔비, 이명철",1,2016-12-30 04:55:12
36,67,"은행장, 총재, 독일, 협의회, 디지털",9,2016-12-30 04:55:12
37,68,"신세계, 삼성, 페이, 안드로이드, 닷컴",2,2016-12-30 04:55:12
38,72,"전날, 마감, 삼성엔지니어링, 교육, 대학",3,2016-12-30 04:55:12
39,77,"가계, 부동산, 부채, 최정희, 저성",1,2016-12-30 04:55:12
40,80,"베드, 혁명, 테스트, 대리인, 위탁",1,2016-12-30 04:55:12
41,85,"외국환, 송금, 외환, 소액, 거래법",3,2016-12-30 04:55:12
42,87,"유심, 명칭, 편의, 정연주, 제보",1,2016-12-30 04:55:12
43,91,"주간, 포시, 수지, 계영, 포커스",1,2016-12-30 04:55:12
44,93,"신종, 신용카드, 편의, 수수료, 잠식",1,2016-12-30 04:55:12
45,94,"실장, 단스케, 임형석, 발굴, 금리",2,2016-12-30 04:55:12
46,-1,"카카오뱅크, 비트코인, 송금, 은행, 뱅크",128,2017-03-31 18:00:00
47,0,"뱅크, 인터넷전문은행, 은행, 인터넷, 설립",9,2017-03-31 18:00:00
48,1,"증권사, 허용, 자본, 외국환, 법인",18,2017-03-31 18:00:00
49,2,"카드, 카드사, 국민카드, 편의, 신한",6,2017-03-31 18:00:00
50,4,"최우수, 이현일, 아시안, 뱅커, 트랜잭션",2,2017-03-31 18:00:00
51,5,"블록체인, 물류, 블록, 분산, 컨소시엄",5,2017-03-31 18:00:00
52,6,"비트코인, 가상화폐, 더리, 인정, 화폐",11,2017-03-31 18:00:00
53,7,"후보, 원장, 신성환, 투표, 투대",3,2017-03-31 18:00:00
54,10,"체크카드, 커머스, 카드, 신용카드, 용액",2,2017-03-31 18:00:00
55,11,"케이, 뱅크, 수표, 출연, 청구",4,2017-03-31 18:00:00
56,12,"세션, 분과, 콘래드, 프리츠, 블록체인",3,2017-03-31 18:00:00
57,13,"수수료, 가맹점, 카드, 인하, 카드사",3,2017-03-31 18:00:00
58,17,"총재, 통화, 금리, 완화, 인상",4,2017-03-31 18:00:00
59,18,"메신저, p2p, 페이스북, 방성훈, 더치페이",1,2017-03-31 18:00:00
60,22,"페이스북, 방송, 방영, 방성훈, 리브",3,2017-03-31 18:00:00
61,23,"삼성, 블록체인, 물류, 인증, 넥스",27,2017-03-31 18:00:00
62,24,"중국, 알리페이, 알리바바, 위챗, 텐센트",7,2017-03-31 18:00:00
63,25,"전날, 세린, 사흘, 혜주, 케이",1,2017-03-31 18:00:00
64,28,"직급, 채용, 전문가, 경력, 모형",1,2017-03-31 18:00:00
65,31,"수수료, 중소가맹점, 가맹점, 우대, 카드",1,2017-03-31 18:00:00
66,35,"오픈마켓, 중고, 판매자, 컬리, 회원",1,2017-03-31 18:00:00
67,36,"원장, 모집인, 진웅섭, 완전, 동력",2,2017-03-31 18:00:00
68,37,"총재, 동아시아, 태평양, 역내, 수장",1,2017-03-31 18:00:00
69,39,"차명, 롯데, 시스, 통장, 피해자",2,2017-03-31 18:00:00
70,43,"삼성, 홍원표, 블록체인, 상용, 물류",1,2017-03-31 18:00:00
71,44,"대한상의, 유전자, 동체, 차질, 신재",2,2017-03-31 18:00:00
72,48,"엔터, 게임, 브랜드, 광고, 인지도",1,2017-03-31 18:00:00
73,53,"한양, 협력사, 약식, 포스코, 동반성장",2,2017-03-31 18:00:00
74,54,"라데온, 그래픽, 데이터, 품절, 마이닝",1,2017-03-31 18:00:00
75,61,"지점, 브렛, 은행, 블록버스터, 기계",1,2017-03-31 18:00:00
76,63,"아마존, 베조스, 물류, 배송, 우주",2,2017-03-31 18:00:00
77,64,"라임, 무역, 헤지, 펀드, 운용",2,2017-03-31 18:00:00
78,70,"공격, 도스, 협박, 해커, 보안",1,2017-03-31 18:00:00
79,72,"빅스비, 가전, 배터리, 삼성전자, 삼성",2,2017-03-31 18:00:00
80,80,"분산원장기술, 분산원장, 공현, 컨소시엄, 제약",1,2017-03-31 18:00:00
81,81,"중고, 중고차, 마켓, 물품, 자동차",1,2017-03-31 18:00:00
82,94,"단스케, 덴마크, 뱅크, 크로네, 순이익",1,2017-03-31 18:00:00
83,-1,"카드, 가상화폐, 인도, 은행, 카드사",171,2017-06-29 12:00:00
84,0,"리눅스, 대출, 녹취, 인터넷전문은행, 빅데이터",8,2017-06-29 12:00:00
85,1,"증권사, 대우, 해양, 증권, 협회",5,2017-06-29 12:00:00
86,2,"카드, 카드사, 신한, 플랫폼, 국민카드",13,2017-06-29 12:00:00
87,3,"전경진, 가상통화, 장치, 무법, 최소한",1,2017-06-29 12:00:00
88,4,"윌비, 베트남, 동아일보, 염장, 프로젝트",1,2017-06-29 12:00:00
89,6,"비트코인, 가상화폐, 화폐, 코인, 거래소",6,2017-06-29 12:00:00
90,7,"오전, 장관, 교섭단체, 산업부, 차관",4,2017-06-29 12:00:00
91,10,"장예진, 상반기, 이용실, 총집결, 유행",1,2017-06-29 12:00:00
92,11,"카카오뱅크, 농협, 메이크, 교보문고, 카카오톡",6,2017-06-29 12:00:00
93,12,"태양광, 김동관, 박현주, 창업자, 이해진",1,2017-06-29 12:00:00
94,13,"밴사, 전표, 카드사, 대리점, 카드",7,2017-06-29 12:00:00
95,14,"유출, 해킹, 피해, 수사, 주장",2,2017-06-29 12:00:00
96,15,"분기, 금액, 건수, 하루, 평균",5,2017-06-29 12:00:00
97,16,"말소, 송금, 전자금융업, 소액, 등록",2,2017-06-29 12:00:00
98,18,"p2p, 펀딩, 핀테크, 스타, 대출",3,2017-06-29 12:00:00
99,20,"중앙은행, 부채, 금리, 인상, 완화",1,2017-06-29 12:00:00
100,21,"오픈뱅킹, 구현, 이상일, 데일리, 뱅킹",1,2017-06-29 12:00:00
101,22,"상생, 차사, 중견, 페이스북, 리브",2,2017-06-29 12:00:00
102,23,"삼성, 인증, 블록체인, 연합회, 은행",1,2017-06-29 12:00:00
103,24,"중국, 황망, 알리바바, 앤트파이낸셜, 알리페이",2,2017-06-29 12:00:00
104,25,"인도, 인구, 온라인, 구매, 상거래",2,2017-06-29 12:00:00
105,27,"감소, 가계, 밴사, 부채, 포화",1,2017-06-29 12:00:00
106,28,"채용, 신입, 면접, 필기, 지원서",6,2017-06-29 12:00:00
107,30,"쇼핑몰, 메이크, 토스페이먼츠, 펠트, 창업",2,2017-06-29 12:00:00
108,35,"오픈마켓, 소셜커머스, 판매, 티몬, 판매자",1,2017-06-29 12:00:00
109,36,"카드사, 카드, 위원장, 마케팅, 더치페이",6,2017-06-29 12:00:00
110,40,"모바일, 뱅킹, 인터넷, 창구, 노년층",3,2017-06-29 12:00:00
111,42,"체크카드, 신용카드, 상반기, 카드, 일평균",6,2017-06-29 12:00:00
112,43,"삼성, 브라이, 넥스, 플랜트, 물류",1,2017-06-29 12:00:00
113,44,"증인, 참고인, 명단, 국감, 출석",1,2017-06-29 12:00:00
114,49,"거래소, 정혜경, 가상화폐, 범죄, 책임",1,2017-06-29 12:00:00
115,51,"카카오뱅크, 체크카드, 오픈뱅킹, 카드사, 발급",2,2017-06-29 12:00:00
116,52,"위원장, 카드사, 지양, 최종구, 카드",3,2017-06-29 12:00:00
117,53,"협력사, 납품, 포스코, 대금, 조기",1,2017-06-29 12:00:00
118,55,"호실, 선재, 사이버, 유현민, 동인",1,2017-06-29 12:00:00
119,63,"아마존, 배송, 진출, 커머스, 합작사",8,2017-06-29 12:00:00
120,64,"동부자, 종목, 펀드, 산운, 동부",1,2017-06-29 12:00:00
121,68,"신세계, 페이, 카드사, 신용, 중간",2,2017-06-29 12:00:00
122,69,"카카오뱅크, 오픈뱅킹, 송금, 손경호, 은행",1,2017-06-29 12:00:00
123,70,"피싱, 보이스, 유출, 공격, 해킹",1,2017-06-29 12:00:00
124,80,"위안화, 스위프트, 위안, 인텔리, 커뮤니티",1,2017-06-29 12:00:00
125,81,"품명, 변경, 브랜드, 통합, 홈페이지",1,2017-06-29 12:00:00
126,84,"현대모비스, 매장, 익수, 온실가스, 계획",2,2017-06-29 12:00:00
127,86,"최장, 연합회, 소상공인, 논평, 연휴",1,2017-06-29 12:00:00
128,91,"수지, 주간, 총재, 피터슨, 포커스",1,2017-06-29 12:00:00
129,-1,"가상화폐, 비트코인, 가상통화, 중국, 거래소",216,2017-09-27 06:00:00
130,0,"세대, 밀레, 니얼, 대출, 데이터",17,2017-09-27 06:00:00
131,1,"증권사, 증권, 자본, 초대, 매수",6,2017-09-27 06:00:00
132,2,"신한, 카드, 스타트업, 국민카드, 올림픽",13,2017-09-27 06:00:00
133,3,"거래소, 담보, 투기, 가상화폐, 폐쇄",2,2017-09-27 06:00:00
134,4,"인도네시아, 베트남, 현지, 싱가포르, 글로벌",7,2017-09-27 06:00:00
135,5,"블록체인, 가상화폐, 암호화폐, 심포지엄, 해킹",5,2017-09-27 06:00:00
136,6,"비트코인, 가상화폐, 거래소, 포크, 하드",12,2017-09-27 06:00:00
137,7,"국감, 엔터, 음반, 증인, 회장",7,2017-09-27 06:00:00
138,8,"중앙은행, 화폐, 발행, 가상화폐, 디지털",3,2017-09-27 06:00:00
139,11,"수처, 감찰관, 가상통화, 패럴림픽, 취급",5,2017-09-27 06:00:00
140,12,"핀테크, 벤처, 테크, 세미나, 율촌",3,2017-09-27 06:00:00
141,13,"관광객, 카드, 중국인, 출장, 수수료",2,2017-09-27 06:00:00
142,14,"비트코인, 거래소, 암호화폐, 선물, 가상통화",4,2017-09-27 06:00:00
143,15,"분기, 평균, 하루, 송금, 용액",5,2017-09-27 06:00:00
144,16,"위탁, 테스트, 더치트, 핀테크, 시행",4,2017-09-27 06:00:00
145,17,"총재, 물가, 금리, 컨퍼런스, 구로다",3,2017-09-27 06:00:00
146,18,"p2p, 핀테크, 펀딩, 취급, 테크",9,2017-09-27 06:00:00
147,19,"효성, 한수, 대림산업, 맞교환, 처분",1,2017-09-27 06:00:00
148,20,"총재, 가상통화, 인상, 통화, 과열",7,2017-09-27 06:00:00
149,21,"오픈, 농협은행, 오픈뱅킹, 신문, 행장",1,2017-09-27 06:00:00
150,22,"대책, 김경은, 근절, 거래소, 가상통화",1,2017-09-27 06:00:00
151,23,"블록체인, 삼성, 물류, 스렛, 인증",2,2017-09-27 06:00:00
152,24,"알리바바, 중국, 알리페이, 마윈, 안면",5,2017-09-27 06:00:00
153,25,"상거래, 사이버, 온라인, 중국, 택배",2,2017-09-27 06:00:00
154,27,"배당, 배당금, 감소, 주당, 파격",1,2017-09-27 06:00:00
155,31,"수수료, 영세, 우대, 순익, 쇼핑몰",2,2017-09-27 06:00:00
156,35,"오픈마켓, 소셜커머스, 컬리, 마켓컬리, 양쪽",1,2017-09-27 06:00:00
157,38,"탐욕, 아내, 그때, 공황, 즈음",2,2017-09-27 06:00:00
158,39,"가상통화, 탈세, 국세청, 악용, 일보",1,2017-09-27 06:00:00
159,43,"삼성, 가상통화, 기자단, 송년, 총재",1,2017-09-27 06:00:00
160,49,"거래소, 가상화폐, 사설, 가상계좌, 실명",4,2017-09-27 06:00:00
161,50,"수수료, 온라인, 소상공인, 쇼핑몰, 오프라인",4,2017-09-27 06:00:00
162,52,"가맹점, 카드사, 광군, 맹점, 수수료",2,2017-09-27 06:00:00
163,55,"동남아, 소비, 트렌드, 스피커, 필리핀",2,2017-09-27 06:00:00
164,59,"물가, 통화, 금리, 한은, 점검",4,2017-09-27 06:00:00
165,62,"오전, 장관, 산업부, 연설, 시정",2,2017-09-27 06:00:00
166,63,"아마존, 배송, 에코, 하드웨어, 물류",1,2017-09-27 06:00:00
167,68,"페이, 스마일, 삼성, 편의, 이베이",2,2017-09-27 06:00:00
168,70,"거래소, 보안, 취약점, 사이버, 공격",1,2017-09-27 06:00:00
169,77,"담보, 대출, 증인, 부채, 가계",2,2017-09-27 06:00:00
170,78,"캄보디아, 무역, 대통령, 양국, 협상",1,2017-09-27 06:00:00
171,80,"김용태, 팀장, 혁신, 사생활, 백봉",1,2017-09-27 06:00:00
172,81,"에누리, 적립금, 적립, 포인트, 군제",2,2017-09-27 06:00:00
173,82,"이란, 알뿌리, 제재, 투기, 한국일보",1,2017-09-27 06:00:00
174,87,"닛케이, 벨리, 비트코인, 캡쳐, 카메라",1,2017-09-27 06:00:00
175,-1,"가상화폐, 거래소, 가상통화, 비트코인, 암호화폐",252,2017-12-26 00:00:00
176,0,"은행, 플랫폼, 디지털, 핀테크, 아이",14,2017-12-26 00:00:00
177,1,"주식, 증권사, 추천, 종목, 증권",3,2017-12-26 00:00:00
178,2,"카드, 디지털, 신한, 플라스틱, 카드사",5,2017-12-26 00:00:00
179,3,"과세, 가상통화, 효성, 법안, 암호화폐",11,2017-12-26 00:00:00
180,4,"베트남, 라쿠텐, 싱가포르, 머니, 동남아",9,2017-12-26 00:00:00
181,5,"블록체인, 암호화폐, 리플, 코인, 체인",19,2017-12-26 00:00:00
182,6,"비트코인, 가상화폐, 거래소, 암호화폐, 코인",14,2017-12-26 00:00:00
183,7,"가상통화, 가상계좌, 거래소, 점검, 과열",4,2017-12-26 00:00:00
184,8,"중앙은행, 발행, 화폐, 한은, 가상화폐",6,2017-12-26 00:00:00
185,10,"체크카드, 일평균, 신용카드, 평균, 카드",10,2017-12-26 00:00:00
186,11,"선수, 가상통화, 괴물, 서클, 폴로",3,2017-12-26 00:00:00
187,12,"발명, 백열전구, 에디슨, 혁신, 세션",3,2017-12-26 00:00:00
188,13,"영세, 수수료, 중소가맹점, 해영, 우대",1,2017-12-26 00:00:00
189,14,"리플, 암호화폐, 비트코인, 거래소, 가상화폐",13,2017-12-26 00:00:00
190,15,"플래닛, 결제액, 평균, 뱅킹, 건수",2,2017-12-26 00:00:00
191,16,"재보, 디지, 사이퍼, 펑크, 사토시",1,2017-12-26 00:00:00
192,17,"금리, 총재, 인상, 한은, 차례",2,2017-12-26 00:00:00
193,18,"p2p, 핀테크, 블록체인, 편람, 농협은행",3,2017-12-26 00:00:00
194,19,"케인즈, 가상통화, 통화, 기재부, 기축",2,2017-12-26 00:00:00
195,20,"중앙은행, 역사, 은행, 가상화폐, 화폐",3,2017-12-26 00:00:00
196,22,"가상화폐, 리브, 페이스북, 코인, 너스",4,2017-12-26 00:00:00
197,23,"삼성, 삼성물산, 블록체인, 제일기획, 미디어",4,2017-12-26 00:00:00
198,24,"아빠, 디디, 우버, 중국, 택시",2,2017-12-26 00:00:00
199,25,"시황, 벌크, 선사, 주가, 종목",1,2017-12-26 00:00:00
200,29,"안면, 안경, 정저, 공안, 위안",1,2017-12-26 00:00:00
201,30,"카페, 쇼핑몰, 상장, 토스페이먼츠, 적자",2,2017-12-26 00:00:00
202,33,"리플, 하우스, 예치금, 냅스터, 음원",1,2017-12-26 00:00:00
203,34,"빅데이터, 비식, 상업, 정보원, 데이터",1,2017-12-26 00:00:00
204,42,"체크카드, 실적, 신용카드, 하루, 평균",2,2017-12-26 00:00:00
205,44,"거래소, 가상계좌, 발견, 위법, 수사",1,2017-12-26 00:00:00
206,45,"카이, 거래소, 토큰, 암호화폐, 세고",3,2017-12-26 00:00:00
207,46,"발행액, 앞수표, 감소, 화폐, 수액",1,2017-12-26 00:00:00
208,47,"샌드박스, 심사, 샌드, 지정, 박스",1,2017-12-26 00:00:00
209,49,"실명, 거래소, 자금세탁, 가상계좌, 계좌",11,2017-12-26 00:00:00
210,55,"리플, 가상통화, 하우스, 브래드, 청소년기",5,2017-12-26 00:00:00
211,59,"물가, 통화, 금리, 완화, 점검",2,2017-12-26 00:00:00
212,60,"차세대, 회계, 금융망, 한국은행, 국고",2,2017-12-26 00:00:00
213,67,"크로나, 릭스, 방크, 리더, 스웨덴",1,2017-12-26 00:00:00
214,68,"유통, 아마존, 페이, 소셜, 포털",1,2017-12-26 00:00:00
215,70,"자금세탁, 공격, 소산, 백업, 위험",1,2017-12-26 00:00:00
216,72,"화웨이, 구글, 갤럭시, 스마트폰, 바르셀로나",3,2017-12-26 00:00:00
217,75,"신한은행, 단신, 가상계좌, 일체, 실명확인",1,2017-12-26 00:00:00
218,77,"p2p, 퍼센트, 금리, 대출, 대환",1,2017-12-26 00:00:00
219,81,"파크, 인터, 마켓, 비즈, 쇼핑몰",1,2017-12-26 00:00:00
220,83,"도시, 스퀘어, 라이트닝, 트위터, 비트코인",2,2017-12-26 00:00:00
221,91,"수지, 주간, 포커스, 김정현, 여행",1,2017-12-26 00:00:00
222,94,"단스케, 곤잘레스, 금융업, 아마존, 유럽",3,2017-12-26 00:00:00
223,-1,"암호화폐, 페이, 블록체인, 지급결제, 은행",168,2018-03-25 18:00:00
224,0,"쿠콘, 데이터, 고령, 혁명, 보험",12,2018-03-25 18:00:00
225,1,"삼성증권, 주식, 말씀, 유령, 증권사",1,2018-03-25 18:00:00
226,2,"카드, 시민, 신한, 스타트업, 비앤비",12,2018-03-25 18:00:00
227,3,"협회, 권용원, 개정안, 회장, 현안",2,2018-03-25 18:00:00
228,4,"티엠, 싱가포르, 총액, 실시간, 인도",2,2018-03-25 18:00:00
229,5,"블록체인, 리플, 암호화폐, 코인, 블로",19,2018-03-25 18:00:00
230,6,"비트코인, 선영, 가상통화, 가상화폐, 송금",3,2018-03-25 18:00:00
231,7,"동산, 후보, 담보, 선거, 지사",5,2018-03-25 18:00:00
232,11,"서민, 면제, 수수료, 감면, 계층",6,2018-03-25 18:00:00
233,12,"주제, 포럼, 인텔리전트, 세션, 플래트너",7,2018-03-25 18:00:00
234,13,"수수료, 우대, 카드, 원가, 법안",1,2018-03-25 18:00:00
235,14,"암호화폐, 거래소, 비트코인, 이정훈, 하락",12,2018-03-25 18:00:00
236,15,"금액, 건수, 평균, 분기, 송금",12,2018-03-25 18:00:00
237,16,"후보, 공약, 미세먼지, 유권자, 김문수",2,2018-03-25 18:00:00
238,17,"스와프, 물가, 통화, 총재, 금리",3,2018-03-25 18:00:00
239,18,"p2p, 핀테크, 밸런스, 펀딩, 인도",9,2018-03-25 18:00:00
240,20,"남북, 개성, 재개, 공단, 북한",4,2018-03-25 18:00:00
241,22,"경향, 확연, 모바일, 비즈, 안광호",1,2018-03-25 18:00:00
242,23,"넥스, 파이낸스, 인증, 블록체인, 삼성",2,2018-03-25 18:00:00
243,25,"시스, 홍승우, 머니, 호실, 인스타그램",1,2018-03-25 18:00:00
244,27,"밴사, 대비, 중계, 단말기, 감소",7,2018-03-25 18:00:00
245,30,"카페, 쇼핑몰, 토스페이먼츠, 창업, 패트릭",5,2018-03-25 18:00:00
246,31,"수수료, 우대, 소상공인, 부담, 카드",2,2018-03-25 18:00:00
247,33,"원장, 암호화폐, 금감, 발언, 아이",1,2018-03-25 18:00:00
248,35,"토어, 원스, 이재환, 쿠폰, 할인",1,2018-03-25 18:00:00
249,36,"후보, 박원순, 제주, 블록체인, 민주당",5,2018-03-25 18:00:00
250,37,"역내, 총재, 환영, 스와프, 거시경제",7,2018-03-25 18:00:00
251,38,"송금, 영상, 명회, 제보, 공감",3,2018-03-25 18:00:00
252,39,"산탄데르, 리플, 국경, 결실, 스페인",1,2018-03-25 18:00:00
253,40,"모바일, 뱅킹, 금융서비스, 고령, 연령",7,2018-03-25 18:00:00
254,42,"할인, 체크카드, 연휴, 신용카드, 평균",2,2018-03-25 18:00:00
255,43,"삼성, 넥스, 파이낸스, 비서, 디지털금융",4,2018-03-25 18:00:00
256,44,"가상통화, 공조, 입각, 취약, 모니터링",1,2018-03-25 18:00:00
257,45,"거래소, 페북, 암호화폐, 블록체인, 인증",3,2018-03-25 18:00:00
258,50,"오픈마켓, 우대, 온라인, 수수료, 매출",1,2018-03-25 18:00:00
259,52,"피자헛, 구로구, 후보, 주협, 박원순",1,2018-03-25 18:00:00
260,61,"아이, 발족, 아이디, 김다운, 혁신",1,2018-03-25 18:00:00
261,62,"오전, 차관, 환경부, 장관, 농식품부",1,2018-03-25 18:00:00
262,63,"이우용, 아마존, 오니, 한국지사, 외화",1,2018-03-25 18:00:00
263,69,"스위프트, 채택, 역외, 엔드, 오픈뱅킹",1,2018-03-25 18:00:00
264,70,"소산, 공격, 백업, 센터, 방호",1,2018-03-25 18:00:00
265,79,"대회, 아이디어, 해커, 접수, 우수",1,2018-03-25 18:00:00
266,82,"제재, 이란, 원화, 원유, 수출",1,2018-03-25 18:00:00
267,91,"주간, 수지, 총재, 포커스, 김정현",2,2018-03-25 18:00:00
268,92,"페이, 워즈, 할인, 포인트, 구매",3,2018-03-25 18:00:00
269,94,"스텔라, 리플, 라이트닝, 루멘, 단스케",1,2018-03-25 18:00:00
270,-1,"수수료, 카드, 페이, 블록체인, 은행",197,2018-06-23 12:00:00
271,0,"은산, 분리, 진행자, 인터넷전문은행, 은행",16,2018-06-23 12:00:00
272,1,"증권사, 허용, 겸영, 통지, 사항",20,2018-06-23 12:00:00
273,2,"카드, 인증, 지문, 우리카드, 신한",8,2018-06-23 12:00:00
274,3,"과세, 회계, 법무법인, 암호화폐, 조세",1,2018-06-23 12:00:00
275,4,"베트남, 현지, 동남아, 롯데, 싱가포르",9,2018-06-23 12:00:00
276,5,"블록체인, 테라, 스텔라, 암호화폐, 토큰",11,2018-06-23 12:00:00
277,6,"비트코인, 밀러, 화폐, 전일, 테베스",4,2018-06-23 12:00:00
278,7,"원장, 제주, 질문, 학자, 약관",5,2018-06-23 12:00:00
279,8,"파월, 의장, 화폐, 암호화폐, 인원",4,2018-06-23 12:00:00
280,10,"체크카드, 상반기, 하루, 평균, 카드",5,2018-06-23 12:00:00
281,11,"부동, 아파트, 시중, 예금, 부동산",1,2018-06-23 12:00:00
282,12,"세미나, 플리, 이영환, 블록체인, 전중",6,2018-06-23 12:00:00
283,13,"수수료, 카드사, 가맹점, 카드, 이재연",8,2018-06-23 12:00:00
284,14,"암호화폐, 비트코인, 리플, 이정훈, 거래소",17,2018-06-23 12:00:00
285,15,"분기, 건수, 금액, 실적, 송금",5,2018-06-23 12:00:00
286,16,"회계, 암호화폐, 과목, 강민경, 법무법인",1,2018-06-23 12:00:00
287,17,"경기, 충격, 금리, 물가, 총재",3,2018-06-23 12:00:00
288,18,"p2p, 퍼센트, 핀테크, 대출, 인사이드",7,2018-06-23 12:00:00
289,19,"검사, 연금, 원장, 약관, 보험",1,2018-06-23 12:00:00
290,20,"기축, 통화, 경상, 수지, 적자",2,2018-06-23 12:00:00
291,22,"변경, 대기, 통보, 머니, 페이스북",1,2018-06-23 12:00:00
292,23,"사인, 삼성, 블록체인, 팀장, 김영권",1,2018-06-23 12:00:00
293,24,"위챗, 알리페이, 홍콩, 텐센트, 알리바바",2,2018-06-23 12:00:00
294,25,"쇼핑, 온라인, 매수, 의견, 거래액",3,2018-06-23 12:00:00
295,26,"카카오페이, 신안, 카카오, 알리페이, 인수",3,2018-06-23 12:00:00
296,27,"감소, 단말기, 상반기, 가전제품, 대비",2,2018-06-23 12:00:00
297,28,"채용, 경력직, 필기, 시험, 서무",3,2018-06-23 12:00:00
298,30,"소상공인, 개인택시, 배동욱, 토스페이먼츠, 자영업자",2,2018-06-23 12:00:00
299,31,"수수료, 카드, 가맹점, 부담, 신용카드",5,2018-06-23 12:00:00
300,36,"베트남, 수수료, 신한, 연회비, 신용카드",3,2018-06-23 12:00:00
301,37,"공항, 면세점, 국장, 장관, 인천",1,2018-06-23 12:00:00
302,39,"면세점, 환급, 세금, 사후, 특허",1,2018-06-23 12:00:00
303,40,"봉사, 전화기, 모바일, 뱅킹, 주민",1,2018-06-23 12:00:00
304,41,"구글, 인앱, 애플, 콘텐츠, 마켓",3,2018-06-23 12:00:00
305,42,"체크카드, 하루, 평균, 상반기, 신용카드",4,2018-06-23 12:00:00
306,43,"물류, 삼성, 관세청, 세관, 블록체인",1,2018-06-23 12:00:00
307,44,"서민, 취약, 계층, 가난, 퍼트넘",1,2018-06-23 12:00:00
308,45,"거래소, 암호화폐, 테라, 체인, 프로젝트",6,2018-06-23 12:00:00
309,49,"라이선스, 규율, 토큰, 메이저, 법안",1,2018-06-23 12:00:00
310,50,"오픈마켓, 온라인, 수수료, 영세, 인하",5,2018-06-23 12:00:00
311,53,"협력사, 포스코, 대금, 조기, 납품",1,2018-06-23 12:00:00
312,57,"저축, 제로페이, 웰컴, 은행, 할인",1,2018-06-23 12:00:00
313,60,"차세대, 회계, 금융망, 한국은행, 메인프레임",1,2018-06-23 12:00:00
314,61,"케이캐쉬, 플래닛, 오케이, 캐쉬, 포인트",1,2018-06-23 12:00:00
315,62,"오전, 차관, 장관, 환경부, 복지부",1,2018-06-23 12:00:00
316,63,"소비재, 아마존, 펀드, 투게더, 명품",1,2018-06-23 12:00:00
317,66,"직불, 금정, 표준, 정추, 모바일",7,2018-06-23 12:00:00
318,68,"세틀뱅크, 앤지, 고성장, 삼성증권, 오동환",1,2018-06-23 12:00:00
319,72,"빨대, 더블, 종이, 액면, 분할",1,2018-06-23 12:00:00
320,78,"캄보디아, 경관, 파견, 대사관, 대표부",1,2018-06-23 12:00:00
321,80,"제주, 제주도, 토론회, 전략산업, 연구회",1,2018-06-23 12:00:00
322,82,"이란, 제재, 원유, 유럽, 합의",7,2018-06-23 12:00:00
323,86,"수수료, 맹점, 영세, 카드사, 중소",2,2018-06-23 12:00:00
324,87,"카드사, 본업, 금리, 빅데이터, 협상",1,2018-06-23 12:00:00
325,91,"수지, 주간, 잠정, 김정현, 소득",1,2018-06-23 12:00:00
326,92,"페이, 신세계, 돌파, 긴장감, 플랫폼",1,2018-06-23 12:00:00
327,93,"제로페이, 경남, 소상공인, 서울시, 신용카드",2,2018-06-23 12:00:00
328,94,"레전드, 룩셈부르크, 홀딩스, 유럽, 단스케",1,2018-06-23 12:00:00
329,-1,"제로페이, 수수료, 코드, 카드, 블록체인",187,2018-09-21 06:00:00
330,0,"주가, 매물, 순매도, 원대, 업종",10,2018-09-21 06:00:00
331,1,"증권사, 증권, 매매, 겸영, 대기",18,2018-09-21 06:00:00
332,2,"지니, 카드, 정석, 스퍼, 스피커",4,2018-09-21 06:00:00
333,3,"법안, 단체, 국회의원, 발의, 가상통화",4,2018-09-21 06:00:00
334,4,"베트남, 인도네시아, 현지, 진출, 글로벌",13,2018-09-21 06:00:00
335,5,"블록체인, 몰타, 암호화폐, 체인, 토큰",13,2018-09-21 06:00:00
336,6,"비트코인, 암호화폐, 가상화폐, 사토시, 주류",4,2018-09-21 06:00:00
337,7,"금감, 상생, 원장, 최운열, 소신",3,2018-09-21 06:00:00
338,8,"켈리, 비자, 알프레드, 단기, 위협",1,2018-09-21 06:00:00
339,10,"선임, 비중, 코드, 공여, 보안",1,2018-09-21 06:00:00
340,11,"인하, 뱅킹, 수렴, 중계, 확정",1,2018-09-21 06:00:00
341,12,"스타트업, 퓨즈, 제스트, 코스, 엑스",9,2018-09-21 06:00:00
342,13,"카드사, 수수료, 카드, 가맹점, 인하",4,2018-09-21 06:00:00
343,14,"암호화폐, 리플, 비트코인, 거래소, 하락",13,2018-09-21 06:00:00
344,16,"이슬람, 출제, 필기, 상생, 샤리아",3,2018-09-21 06:00:00
345,17,"물가, 총재, 통화, 금리, 조정",4,2018-09-21 06:00:00
346,18,"p2p, 택시, 운임, 기일, 카카오",1,2018-09-21 06:00:00
347,19,"한은, 위원장, 비서실, 개정안, 열석",3,2018-09-21 06:00:00
348,20,"거래소, 에이프릴, 김성현, 이자, 토큰",2,2018-09-21 06:00:00
349,21,"오픈뱅킹, 오픈, 은행, 조회, 보안",1,2018-09-21 06:00:00
350,22,"페이스북, 왓츠, 인도, 암호화폐, 코인",1,2018-09-21 06:00:00
351,24,"알리바바, 중국, 경연, 알리페이, 진입",4,2018-09-21 06:00:00
352,25,"의견, 매수, 센서스, 씽크, 신한",1,2018-09-21 06:00:00
353,26,"카카오페이, 크라우드, 영준, 펀딩, 카카오톡",1,2018-09-21 06:00:00
354,27,"기프트카드, 단종, 감소, 탑재, 밴사",2,2018-09-21 06:00:00
355,28,"프리랜서, 시급, 남성, 채용, 이재운",1,2018-09-21 06:00:00
356,31,"수수료, 부담, 카드, 제로페이, 쇼핑몰",5,2018-09-21 06:00:00
357,36,"약관, 위원장, 예대, 마케팅, 마진",1,2018-09-21 06:00:00
358,37,"이사, 총재, 선출, 회원국, 지명",1,2018-09-21 06:00:00
359,38,"박승원, 내각, 거래세, 주식, 인터뷰",1,2018-09-21 06:00:00
360,40,"매각, 모바일, 다날, 휴대폰, 법인",1,2018-09-21 06:00:00
361,45,"티센, 암호화폐, 거래소, 서클, 골드",5,2018-09-21 06:00:00
362,47,"샌드박스, 심사, 혁신, 지정, 상한",2,2018-09-21 06:00:00
363,48,"스팀, 게임, 데지, 이중환, 토스",1,2018-09-21 06:00:00
364,50,"판매업자, 온라인, 중소, 우대, 영세",2,2018-09-21 06:00:00
365,52,"카드, 최종구, 위원장, 인하, 수수료",4,2018-09-21 06:00:00
366,54,"케이알, 데이터, 시스, 캡처, 위탁",1,2018-09-21 06:00:00
367,57,"제로페이, 밴사, 시범, 수수료, 서울시",4,2018-09-21 06:00:00
368,59,"물가, 성장세, 통화, 완화, 대외",1,2018-09-21 06:00:00
369,60,"회계, 금융망, 차세대, 당좌, 가동",5,2018-09-21 06:00:00
370,61,"법령, 핀테크, 발굴, 해석, 혁신",1,2018-09-21 06:00:00
371,64,"핀테크, 레이즈, 편리성, 응답, 펀드",1,2018-09-21 06:00:00
372,68,"의견, 센서스, 동종, 매수, 페이",2,2018-09-21 06:00:00
373,70,"보안원, 공격, 보안, 블랙마켓, 패치",1,2018-09-21 06:00:00
374,72,"브렉스, 그라스, 두부, 진학, 스탠퍼드",1,2018-09-21 06:00:00
375,75,"클라우드, 장애, 대외, 리전, 아키텍처",2,2018-09-21 06:00:00
376,82,"제재, 이란, 유럽, 트럼프, 협정",2,2018-09-21 06:00:00
377,86,"수수료, 연석회의, 민생, 차등, 점주",3,2018-09-21 06:00:00
378,88,"클라우드, 이콘, 스퍼, 공공, 애저",1,2018-09-21 06:00:00
379,92,"와이즈, 케어, 카카오페이, 박새, 송형석",1,2018-09-21 06:00:00
380,94,"클라르, 유럽, 단스케, 헬싱, 시에",1,2018-09-21 06:00:00
381,-1,"은행, 핀테크, 수수료, 카드, 혁신",187,2018-12-20 00:00:00
382,0,"인터넷전문은행, 데이터, 인터넷, 뱅크, 네이버",13,2018-12-20 00:00:00
383,1,"자본, 증권사, 시장법, 증권, 초대",13,2018-12-20 00:00:00
384,2,"카드, 신한, 가맹점, 마케팅, 비씨카드",6,2018-12-20 00:00:00
385,3,"연행, 정관용, 소득, 공제, 역진",4,2018-12-20 00:00:00
386,4,"캄보디아, 연수, 행장, 협회, 은행",7,2018-12-20 00:00:00
387,5,"블록체인, 이콘, 암호화폐, 프로젝트, 토큰",12,2018-12-20 00:00:00
388,6,"남아프리카, 공화국, 홀더, 등록제, 암호화폐",2,2018-12-20 00:00:00
389,7,"회장, 제로페이, 리포트, 위원장, 베스트",8,2018-12-20 00:00:00
390,8,"발행, 중앙은행, 화폐, 스웨덴, 튀니지",9,2018-12-20 00:00:00
391,10,"편의점, 체크카드, 카드, 일평균, 신용",13,2018-12-20 00:00:00
392,11,"수명, 테일, 유통, 앞수표, 천원",12,2018-12-20 00:00:00
393,12,"핀테크, 체험, 샌드박스, 상담, 행사",1,2018-12-20 00:00:00
394,13,"수수료, 가맹점, 카드사, 카드, 맹점",11,2018-12-20 00:00:00
395,14,"토큰, 상장, 거래소, 암호화폐, 연합체",2,2018-12-20 00:00:00
396,15,"일평균, 금융서비스, 금액, 모바일, 송금",2,2018-12-20 00:00:00
397,16,"법무법인, 핀테크, 요건, 등록, 선불전자지급수단",5,2018-12-20 00:00:00
398,17,"수출, 한은, 심리, 제조업, 경기",3,2018-12-20 00:00:00
399,18,"핀테크, 자본금, 편람, p2p, 하가",4,2018-12-20 00:00:00
400,19,"국무회의, 장관, 후보, 현영, 김연철",2,2018-12-20 00:00:00
401,20,"체한, 한국일보, 차액, 금융결제망, 담보",1,2018-12-20 00:00:00
402,21,"오픈, 결제망, 전산망, 오픈뱅킹, 은행",4,2018-12-20 00:00:00
403,25,"쇼핑, 사이버, 매출액, 온라인, 거래액",2,2018-12-20 00:00:00
404,30,"통합, 시스, 오프, 아이, 김다운",1,2018-12-20 00:00:00
405,31,"수수료, 마트, 인상, 카드사, 가맹점",1,2018-12-20 00:00:00
406,33,"비바리퍼블리카, 키움증권, 금융업자, 컨소시엄, 약점",1,2018-12-20 00:00:00
407,34,"루트, 국외, 이용료, 금융결제망, 건당",1,2018-12-20 00:00:00
408,35,"프리, 플레이, 코스터, 네온, 오픈마켓",1,2018-12-20 00:00:00
409,36,"카드사, 유현, 변환기, 괴멸, 협회",1,2018-12-20 00:00:00
410,37,"임원, 노조, 재취업, 원장, 관행",1,2018-12-20 00:00:00
411,38,"기자실, 명회, 신호, 부총재, 보가",10,2018-12-20 00:00:00
412,39,"오하, 세금, 납부, 오크, 스톡",1,2018-12-20 00:00:00
413,40,"모바일, 뱅킹, 금융서비스, 고령, 연령",10,2018-12-20 00:00:00
414,42,"체크카드, 신용카드, 대비, 실적, 일평균",4,2018-12-20 00:00:00
415,44,"주택, 신용자, 월세, 그림자, 공시",1,2018-12-20 00:00:00
416,46,"앞수표, 감소, 정액, 수표, 건수",20,2018-12-20 00:00:00
417,47,"심사, 지정, 샌드박스, 혁신, 신청",10,2018-12-20 00:00:00
418,48,"게임, 오비, 텐센트, 코리아, 중국",2,2018-12-20 00:00:00
419,50,"우대, 수수료, 개인택시, 맹점, 온라인",1,2018-12-20 00:00:00
420,57,"제로페이, 유인, 직불, 공제, 가맹점",2,2018-12-20 00:00:00
421,60,"차세대, 금융망, 회계, 가동, 메인프레임",1,2018-12-20 00:00:00
422,61,"율촌, 자문, 변호사, 분쟁, 조언",1,2018-12-20 00:00:00
423,62,"오전, 장관, 차관, 산업부, 농식품부",2,2018-12-20 00:00:00
424,66,"클래스, 뱅킹, 모바일, 맥주, 크래프트",1,2018-12-20 00:00:00
425,67,"사토시, 독일, 샌드박스, 콘텐츠, 은행장",1,2018-12-20 00:00:00
426,69,"오픈뱅킹, 송금, 은행, 계좌, 서비스업",2,2018-12-20 00:00:00
427,70,"사이버, 공격, 위험, 대체재, 집권",1,2018-12-20 00:00:00
428,75,"아이, 김다운, 역량, 애널리스트, 지주",1,2018-12-20 00:00:00
429,76,"원추, 금결원, 원장, 노조, 부총재",2,2018-12-20 00:00:00
430,77,"코픽스, 금리, 가산, 대출, 조정",1,2018-12-20 00:00:00
431,78,"캄보디아, 양국, 대통령, 프놈펜, 총리",9,2018-12-20 00:00:00
432,91,"수지, 주간, 잠정, 속보, 소득",1,2018-12-20 00:00:00
433,92,"자영업자, 제로페이, 정종열, 페이, 안착",1,2018-12-20 00:00:00
434,93,"이콘, 니클, 포스, 스나, 애니",1,2018-12-20 00:00:00
435,-1,"핀테크, 은행, 글로벌, 오픈뱅킹, 혁신",218,2019-03-19 18:00:00
436,0,"데이터, 혁신, 대출, 플랫폼, 빅데이터",30,2019-03-19 18:00:00
437,1,"펀드, 증권사, 증권, 기금, 대학",5,2019-03-19 18:00:00
438,2,"카드, 신한, 국민카드, 코드, 카드사",8,2019-03-19 18:00:00
439,3,"암호화폐, 거래법, 월렛, 거래소, 해킹",1,2019-03-19 18:00:00
440,4,"캄보디아, 아세안, 현지, 베트남, 태국",28,2019-03-19 18:00:00
441,5,"블록체인, 클레이튼, 플랫폼, 암호화폐, 체인",13,2019-03-19 18:00:00
442,6,"피자, 비트코인, 암호화폐, 이콘, 데이",1,2019-03-19 18:00:00
443,7,"동국제강, 신제윤, 전쟁, 관세, 교수",5,2019-03-19 18:00:00
444,10,"계당, 가계, 예비, 평균, 체크카드",1,2019-03-19 18:00:00
445,11,"브렉, 시트, 상품권, 앞수표, 백화점",5,2019-03-19 18:00:00
446,12,"일레븐, 핀테크, 디렉터, 동남아시아, 혁신",8,2019-03-19 18:00:00
447,13,"존고, 발의, 주석, 법안, 대우",1,2019-03-19 18:00:00
448,14,"판테라, 암호화폐, 캐피탈, 거래소, 사건",1,2019-03-19 18:00:00
449,15,"평균, 건수, 금액, 송금, 하루",7,2019-03-19 18:00:00
450,16,"신보, 보증, 연대보증, 폐지, 비바리퍼블리카",4,2019-03-19 18:00:00
451,17,"경기, 총재, 금리, 반도체, 회복",5,2019-03-19 18:00:00
452,18,"아이디어, p2p, 공모전, 핀테크, 게이트",4,2019-03-19 18:00:00
453,20,"수표, 팀장, 어음, 교환소, 단축",1,2019-03-19 18:00:00
454,21,"오픈뱅킹, 조회, 점검, 은행, 출금",15,2019-03-19 18:00:00
455,22,"페이스북, 리브, 암호화폐, 브라, 라가",6,2019-03-19 18:00:00
456,23,"삼성, 블록체인, 유니버설, 클라우드, 넥스",7,2019-03-19 18:00:00
457,24,"미래에셋대우, 중국, 위챗, 텐센트, 앤트파이낸셜",2,2019-03-19 18:00:00
458,25,"온라인, 매출, 사이버, 쇼핑, 분기",4,2019-03-19 18:00:00
459,26,"독점, 플랫폼, 암묵, 카카오페이, 거래법",1,2019-03-19 18:00:00
460,27,"대비, 감소, 영업, 중계, 당기순이익",2,2019-03-19 18:00:00
461,28,"채용, 직원, 합격자, 교육, 신입",3,2019-03-19 18:00:00
462,30,"카페, 김연하, 쇼핑몰, 전자금융업자, 등록",1,2019-03-19 18:00:00
463,31,"선임, 위원, 제로페이, 수수료, 공제",2,2019-03-19 18:00:00
464,34,"샐러드, 송금, 지출, p2p, 피플",1,2019-03-19 18:00:00
465,36,"카드사, 교수, 레버리지, 최철, 카드",2,2019-03-19 18:00:00
466,37,"역내, 재무, 총재, 장관, 아세안",1,2019-03-19 18:00:00
467,40,"모바일, 뱅킹, 금융서비스, 응답자, 게시",2,2019-03-19 18:00:00
468,42,"제로페이, 신용카드, 체크카드, 내수, 실적",1,2019-03-19 18:00:00
469,43,"삼성, 유니버설, 블록체인, 보험금, 하이퍼레저",2,2019-03-19 18:00:00
470,47,"샌드박스, 지정, 혁신, 특례, 심사",3,2019-03-19 18:00:00
471,48,"게임, 한도, 성인, 임사, 소비문화",2,2019-03-19 18:00:00
472,52,"카드, 카드사, 신한, 신용카드, 가맹점",2,2019-03-19 18:00:00
473,57,"제로페이, 관치, 박맹우, 공제, 명분",2,2019-03-19 18:00:00
474,59,"분쟁, 물가, 금리, 무역, 반도체",2,2019-03-19 18:00:00
475,61,"연세대, 부원장, 수석, 특강, 적응",1,2019-03-19 18:00:00
476,63,"아마존, 상거래, 인스타그램, 구글, 배송",2,2019-03-19 18:00:00
477,64,"연초, 핀테크, 양병훈, 김기만, 크레더블",1,2019-03-19 18:00:00
478,65,"마이지, 알리페이, 중국, 앤트파이낸셜, 대출",10,2019-03-19 18:00:00
479,69,"오픈뱅킹, 출금, 금융결제망, 은행, 조회",1,2019-03-19 18:00:00
480,71,"미래에셋대우, 위챗, 등록, 텐센트, 겸영",12,2019-03-19 18:00:00
481,72,"재료, 합산, 시스코, 반도체, 실증",1,2019-03-19 18:00:00
482,80,"조폐공사, 환수, 위조, 본부, 장치",1,2019-03-19 18:00:00
483,81,"개설, 진성, 세전, 번가, 쇼핑몰",1,2019-03-19 18:00:00
484,85,"송금, 외국환, 수금, 건당, 기재부",2,2019-03-19 18:00:00
485,88,"클라우드, 공공, 토스트, 흥원, 성능",9,2019-03-19 18:00:00
486,92,"영업, 아이, 허인, 지급결제대행, 소폭",1,2019-03-19 18:00:00
487,93,"경남, 제로페이, 가맹점, 소상공인, 창원",1,2019-03-19 18:00:00
488,-1,"네이버, 핀테크, 페이, 은행, 혁신",144,2019-06-17 12:00:00
489,0,"인터넷전문은행, 데이터, 은행, 디지털, 플랫폼",19,2019-06-17 12:00:00
490,1,"합병, 상장, 포트폴리오, 증권사, 증권",5,2019-06-17 12:00:00
491,2,"비자, 카드, 애플, 카드사, 세대",6,2019-06-17 12:00:00
492,3,"특금법, 신고, 가상통화, 후보, 답변",2,2019-06-17 12:00:00
493,4,"제너, 공시, 베트남, 캄보디아, 국민은행",5,2019-06-17 12:00:00
494,5,"블록체인, 증명, 암호화폐, 라이트, 스포츠서울",4,2019-06-17 12:00:00
495,6,"리브, 페이스북, 비트코인, 나미, 아이폰",1,2019-06-17 12:00:00
496,8,"모간, 화폐, 코인, 스테이블, 발행",1,2019-06-17 12:00:00
497,10,"체크카드, 평균, 상반기, 대비, 하루",13,2019-06-17 12:00:00
498,11,"쇼핑몰, 마트, 경동, 유통, 상점",5,2019-06-17 12:00:00
499,12,"혁신, 세미나, 주제, 윌킨스, 로저",7,2019-06-17 12:00:00
500,13,"마그네틱, 전표, 신용카드, 카드, 전송",1,2019-06-17 12:00:00
501,16,"계산서, 가산세, 납세자, 세무, 기한",2,2019-06-17 12:00:00
502,17,"상장, 종가, 코스닥, 공모가, 이산",1,2019-06-17 12:00:00
503,18,"스포츠서울, 농협은행, 오픈, p2p, 선도",1,2019-06-17 12:00:00
504,21,"오픈뱅킹, 파이낸스, 보안, 오픈, 은행",1,2019-06-17 12:00:00
505,22,"리브, 페이스북, 화폐, 라가, 브라",6,2019-06-17 12:00:00
506,23,"디앱, 삼성, 삼성전자, 스토어, 블록체인",1,2019-06-17 12:00:00
507,24,"웨이, 위챗, 타깃, 세일즈, 텐센트",1,2019-06-17 12:00:00
508,25,"케이엠, 더블유, 사이버, 분기, 주가",3,2019-06-17 12:00:00
509,27,"밴사, 중계, 영업, 대비, 감소",7,2019-06-17 12:00:00
510,28,"채용, 합격자, 산직, 예정자, 지원서",1,2019-06-17 12:00:00
511,29,"인민은행, 화폐, 위안, 중국, 디지털",2,2019-06-17 12:00:00
512,31,"수수료, 밴사, 극장, 공차, 카드",2,2019-06-17 12:00:00
513,34,"게이트, 세이퍼트, 송금, 볼륨, 금융청",2,2019-06-17 12:00:00
514,35,"오픈마켓, 컬리, 마켓컬리, 수박, 콘셉트",1,2019-06-17 12:00:00
515,36,"주민, 자치회, 장단, 대형가, 카드",2,2019-06-17 12:00:00
516,37,"미얀마, 부원장, 응에, 수석, 부총재",1,2019-06-17 12:00:00
517,39,"익스, 역외, 위어, 트레블, 국세청",2,2019-06-17 12:00:00
518,40,"모바일, 뱅킹, 선호도, 금융서비스, 정량",1,2019-06-17 12:00:00
519,42,"체크카드, 일평균, 신용카드, 결제금, 카드",3,2019-06-17 12:00:00
520,44,"공구, 자재, 경찰청, 지방, 협상",1,2019-06-17 12:00:00
521,45,"힌트, 블록, 암호화폐, 블록체인, 토큰",2,2019-06-17 12:00:00
522,47,"샌드박스, 심사, 혁신, 수요, 지정",3,2019-06-17 12:00:00
523,48,"게임, 매출, 동기, 한도, 분기",5,2019-06-17 12:00:00
524,53,"포스코, 협력사, 하도급, 생결, 대금",10,2019-06-17 12:00:00
525,57,"제로페이, 마트, 저스터, 가맹점, 중기",3,2019-06-17 12:00:00
526,62,"오전, 차관, 산업부, 장관, 환경부",1,2019-06-17 12:00:00
527,65,"라인, 알리페이, 중국, 페이페이, 화웨이",1,2019-06-17 12:00:00
528,66,"렉스, 뱅킹, 인포, 상반기, 모바일",2,2019-06-17 12:00:00
529,69,"무료, 송금, 출금, 수수료, 환전",1,2019-06-17 12:00:00
530,70,"사이버, 시스, 김진성, 지분, 영원",1,2019-06-17 12:00:00
531,71,"미래에셋대우, 스포츠서울, 공식, 텐센트, 겸영",1,2019-06-17 12:00:00
532,72,"포노, 문명, 인류, 블리, 사피엔스",1,2019-06-17 12:00:00
533,75,"지주사, 베트남, 클라우드, 미얀마, 네트워크",2,2019-06-17 12:00:00
534,79,"아이디어, 공모전, 상금, 핀테크, 시상",3,2019-06-17 12:00:00
535,81,"마켓, 판매, 번가, 개설, 증권",1,2019-06-17 12:00:00
536,84,"위원장, 초청, 강연, 최종구, 기념",1,2019-06-17 12:00:00
537,87,"마트, 소매, 상반기, 오프라인, 상거래",5,2019-06-17 12:00:00
538,88,"클라우드, 바둑, 흥원, 공공, 토스트",1,2019-06-17 12:00:00
539,91,"수지, 주간, 잠정, 포커스, 김정현",1,2019-06-17 12:00:00
540,92,"환전, 페이, 카카오페이, 환율, 원화",1,2019-06-17 12:00:00
541,93,"메뉴판, 코드, 속성, 제로페이, 편의",2,2019-06-17 12:00:00
542,-1,"오픈뱅킹, 은행, 혁신, 핀테크, 카드",181,2019-09-15 06:00:00
543,0,"플랫폼, 보험, 대출, 데이터, 혁신",14,2019-09-15 06:00:00
544,2,"카드, 다이너스, 베트남, 신한, 클럽",10,2019-09-15 06:00:00
545,4,"아세안, 현지, 진출, 베트남, 카자흐스탄",11,2019-09-15 06:00:00
546,5,"블록체인, 클레이튼, 라인, 카카오, 증명",10,2019-09-15 06:00:00
547,7,"홍콩, 부회장, 경리, 미래에셋대우, 수석",5,2019-09-15 06:00:00
548,8,"발행, 중앙은행, 화폐, 한국은행, 한은",3,2019-09-15 06:00:00
549,11,"아르메니아, 미상환, 오픈뱅킹, 잔액, 충전",4,2019-09-15 06:00:00
550,12,"아세안, 핀테크, 한경, 이효섭, 세션",3,2019-09-15 06:00:00
551,13,"카드사, 카드, 수수료, 가맹점, 인하",8,2019-09-15 06:00:00
552,15,"건수, 금액, 송금, 일평균, 평균",7,2019-09-15 06:00:00
553,16,"유병연, 핀테크, 함무라비, 법전, 기탁",2,2019-09-15 06:00:00
554,17,"물가, 회복, 통화, 완화, 경기",5,2019-09-15 06:00:00
555,18,"p2p, 위드, 핀테크, 펀드, 점사",4,2019-09-15 06:00:00
556,20,"카카오뱅크, 발행, 로터, 모임, 저금통",2,2019-09-15 06:00:00
557,21,"오픈뱅킹, 조회, 은행, 계좌, 핀테크",11,2019-09-15 06:00:00
558,22,"리브, 스테이블, 페이스북, 코인, 브라",8,2019-09-15 06:00:00
559,24,"중국, 핀테크, 알리바바, 빅뱅, 제조",1,2019-09-15 06:00:00
560,26,"보드, 매출, 카카오페이, 자폭, 분기",1,2019-09-15 06:00:00
561,27,"감소, 수수료, 순수익, 밴사, 대비",3,2019-09-15 06:00:00
562,29,"위안, 중국, 화폐, 디지털, 인민은행",3,2019-09-15 06:00:00
563,30,"수주, 쇼핑몰, 비즈, 커머스, 한섬",2,2019-09-15 06:00:00
564,31,"정훈, 수수료, 가맹점, 그때, 카드사",1,2019-09-15 06:00:00
565,34,"시큐리티, 보안, 사물인터넷, 보험, 박춘식",1,2019-09-15 06:00:00
566,47,"지정, 샌드박스, 심사, 혁신, 특례",4,2019-09-15 06:00:00
567,52,"근무, 대리점, 점심, 현대, 이병찬",3,2019-09-15 06:00:00
568,55,"박사, 고령, 연금, 김대익, 자산",2,2019-09-15 06:00:00
569,57,"제로페이, 이근주, 한국간편결제진흥원, 카카오페이, 수수료",2,2019-09-15 06:00:00
570,59,"물가, 통화, 정밀도, 점검, 여건",1,2019-09-15 06:00:00
571,61,"레모네이드, 에이콘, 프렌드, 유니콘, 보험금",1,2019-09-15 06:00:00
572,62,"오전, 장관, 산업부, 차관, 예결",1,2019-09-15 06:00:00
573,64,"동산, 담보, 증권사, 펀딩, 등급",3,2019-09-15 06:00:00
574,65,"마이지, 알리페이, 손님, 대출, 이학렬",1,2019-09-15 06:00:00
575,68,"짜리, 이종덕, 윤후덕, 피펫, 질의",1,2019-09-15 06:00:00
576,69,"오픈뱅킹, 타행, 계좌, 조회, 은행",7,2019-09-15 06:00:00
577,71,"미래에셋대우, 위챗, 임동욱, 증권사, 페이",1,2019-09-15 06:00:00
578,73,"기부, 드림, 노컷뉴스, 모금함, 유명상",1,2019-09-15 06:00:00
579,74,"보증, 재단, 영세, 공헌, 경기",13,2019-09-15 06:00:00
580,75,"디노, 디벨로, 클라우드, 위비, 화면",1,2019-09-15 06:00:00
581,77,"금리, 국채, 마이너스, 디플레, 인구",1,2019-09-15 06:00:00
582,78,"캄보디아, 양국, 앙코르, 프놈펜, 대통령",1,2019-09-15 06:00:00
583,82,"유럽, 독일, 이란, 제재, 문화",1,2019-09-15 06:00:00
584,87,"내상, 적자, 상반기, 선방, 분기",1,2019-09-15 06:00:00
585,91,"주간, 김정현, 포커스, 지수, 수지",2,2019-09-15 06:00:00
586,-1,"디지털, 신용, 핀테크, 카드, 은행",140,2019-12-14 00:00:00
587,0,"데이터, 디지털, 워크스페이스, 취향, 신용",13,2019-12-14 00:00:00
588,1,"라임, 펀드, 증권사, 렌탈, 증권",3,2019-12-14 00:00:00
589,2,"카드, 신한, 쿠콘, 국민카드, 페이",7,2019-12-14 00:00:00
590,3,"실명계좌, 과세, 특금법, 시행령, 국회",4,2019-12-14 00:00:00
591,4,"베트남, 인도네시아, 입주, 현지, 캄보디아",8,2019-12-14 00:00:00
592,5,"패브릭, 하이퍼레저, 블록체인, 출원, 일간스포츠",1,2019-12-14 00:00:00
593,7,"동국제강, 협력사, 시카, 고대, 우버",4,2019-12-14 00:00:00
594,8,"화폐, 발행, 디지털, 중앙은행, 토큰",9,2019-12-14 00:00:00
595,9,"코로나19, 바이러스, 코로나바이러스, 신종, 수요",8,2019-12-14 00:00:00
596,10,"일평균, 체크카드, 카드, 결제금, 대비",9,2019-12-14 00:00:00
597,11,"상가, 임대료, 건물, 부산, 주총",2,2019-12-14 00:00:00
598,13,"환급, 수수료, 카드, 카드사, 맹점",8,2019-12-14 00:00:00
599,15,"건수, 일평균, 금액, 송금, 선불금",6,2019-12-14 00:00:00
600,16,"보증, 덱스, 상거래, 중소기업, 팩토링",4,2019-12-14 00:00:00
601,18,"신보, 덱스, 상거래, 이충재, p2p",1,2019-12-14 00:00:00
602,21,"오픈뱅킹, 보이스, 피싱, 계좌, 권영탁",2,2019-12-14 00:00:00
603,22,"리브, 화폐, 페이스북, 중앙은행, 발행",3,2019-12-14 00:00:00
604,24,"중국, 바클레, 박광범, 대면, 이즈",1,2019-12-14 00:00:00
605,25,"온라인, 사이버, 쇼핑, 식품, 매출액",3,2019-12-14 00:00:00
606,26,"카카오페이, 보드, 김재은, 케이프, 카카오",1,2019-12-14 00:00:00
607,29,"중국, 화폐, 디지털, 위안, 발행",2,2019-12-14 00:00:00
608,31,"수수료, 적자, 인하, 선거철, 윤영",1,2019-12-14 00:00:00
609,32,"코로나19, 접촉, 소비, 온라인, 카드",3,2019-12-14 00:00:00
610,34,"설계사, 보험, 사기, 보험료, 생명",4,2019-12-14 00:00:00
611,36,"여전, 위원장, 포트폴리오, 마케팅, 다변",1,2019-12-14 00:00:00
612,38,"김경은, 경제법, 무역, 상회, 교역",1,2019-12-14 00:00:00
613,40,"뱅킹, 인터넷전문은행, 선호도, 모바일, 조선일보",1,2019-12-14 00:00:00
614,42,"체크카드, 카드, 신용, 소매점, 석민수",1,2019-12-14 00:00:00
615,43,"락스, 크레, 삼성, 이스라엘, 유니버설",10,2019-12-14 00:00:00
616,44,"채무조정, 서민, 담보, 채무자, 혁신",2,2019-12-14 00:00:00
617,45,"백트, 마이크, 암호화폐, 거래소, 유치",1,2019-12-14 00:00:00
618,46,"연령, 감소, 응답자, 앞수표, 노년층",1,2019-12-14 00:00:00
619,47,"플랜, 샌드박스, 매뉴얼, 컨틴전시, 요령",1,2019-12-14 00:00:00
620,51,"오픈뱅킹, 계좌, 체크카드, 문어발, 비상금",1,2019-12-14 00:00:00
621,53,"협력사, 플러스, 포스코, 대금, 대구",1,2019-12-14 00:00:00
622,56,"주말, 대출, 대금, 연휴, 보험",4,2019-12-14 00:00:00
623,60,"암스테르담, 네덜란드, 금융망, 차세대, 회계",2,2019-12-14 00:00:00
624,62,"오전, 산업부, 장관, 차관, 청사",3,2019-12-14 00:00:00
625,65,"투피, 중국, 상하이, 알리페이, 대출",1,2019-12-14 00:00:00
626,67,"연준, 발행, 원화, 은행장, 총재",1,2019-12-14 00:00:00
627,77,"대출, 보험, 지신보, 금리, 자영업자",2,2019-12-14 00:00:00
628,80,"보안원, 보안, 신문, 다인, 김영기",1,2019-12-14 00:00:00
629,91,"수지, 잠정, 주간, 소득, 김경은",1,2019-12-14 00:00:00
630,-1,"토스, 카드, 코로나19, 핀테크, 디지털",192,2020-03-12 18:00:00
631,0,"데이터, 인터넷전문은행, 네이버, 대주주, 쿠콘",16,2020-03-12 18:00:00
632,1,"증권사, 외환, 증권, 혁신방안, 환전",9,2020-03-12 18:00:00
633,2,"카드, 신한, 현대, 국민카드, 페이",9,2020-03-12 18:00:00
634,3,"충전, 가상자산, 개정안, 한도, 증액",4,2020-03-12 18:00:00
635,4,"태국, 하림, 프로토타입, 투이, 컨설팅",4,2020-03-12 18:00:00
636,5,"블록체인, 부산, 특구, 증명, 영지식",4,2020-03-12 18:00:00
637,7,"책임, 디노미네이션, 선불전자지급수단, 신용정보법, 개혁",4,2020-03-12 18:00:00
638,8,"중앙은행, 발행, 화폐, 스웨덴, 파일럿",17,2020-03-12 18:00:00
639,9,"코로나19, 코로나바이러스, 감염증, 신종, 중앙은행",28,2020-03-12 18:00:00
640,10,"재난지원금, 체크카드, 카드, 평균, 금액",3,2020-03-12 18:00:00
641,11,"금융결제원, 조선, 마이데이터, 상도, 촉식",4,2020-03-12 18:00:00
642,12,"영미, 권대영, 혁신, 데이터, 핀테크",6,2020-03-12 18:00:00
643,16,"스몰, 라이센스, 신용정보법, 사고, 책임",7,2020-03-12 18:00:00
644,17,"코로나, 총재, 파이터, 정립, 균형",1,2020-03-12 18:00:00
645,18,"분과, 상설, 자문, 변호사, 협회",2,2020-03-12 18:00:00
646,20,"금융업, 학회, 구분, 재결합, 현행법",1,2020-03-12 18:00:00
647,21,"오픈뱅킹, 쿠콘, 조회, 카카오뱅크, 농협은행",2,2020-03-12 18:00:00
648,22,"리브, 페이스북, 백서, 프로젝트, 페이팔",1,2020-03-12 18:00:00
649,23,"삼성, 블록체인, 표준, 협력사, 물류",3,2020-03-12 18:00:00
650,24,"앤트파이낸셜, 알리페이, 알리바바, 앤트, 중국",1,2020-03-12 18:00:00
651,25,"의료, 온라인, 질병, 코로나19, 원격",3,2020-03-12 18:00:00
652,26,"리워드, 카카오페이, 펀드, 프로모션, 사전",1,2020-03-12 18:00:00
653,27,"밴사, 감소, 영업, 대비, 단말기",8,2020-03-12 18:00:00
654,28,"채용, 면접, 입사, 경력직, 취업",1,2020-03-12 18:00:00
655,29,"위안, 디지털, 화폐, 중국, 중앙은행",5,2020-03-12 18:00:00
656,32,"제로페이, 코로나19, 접촉, 감소, 카드",6,2020-03-12 18:00:00
657,34,"환전, 송금, 외환, 소액, 외국",3,2020-03-12 18:00:00
658,35,"감자탕, 이바돔, 오픈마켓, 멤버십, 컬리",2,2020-03-12 18:00:00
659,36,"긴급재난지원금, 마케팅, 제령, 자제, 카드",2,2020-03-12 18:00:00
660,41,"애플, 집행, 구글, 강요, 스토어",3,2020-03-12 18:00:00
661,43,"웍스, 브리, 삼성, 외산, 부사장",1,2020-03-12 18:00:00
662,46,"앞수표, 담보, 차액, 금융통화위원회, 행용",1,2020-03-12 18:00:00
663,50,"휴대폰, 영위, 온라인, 대행, 통신망",8,2020-03-12 18:00:00
664,55,"양극, 강원도, 강원, 일자리, 코로나",1,2020-03-12 18:00:00
665,56,"주말, 대금, 대출, 매출, 일요일",3,2020-03-12 18:00:00
666,61,"리브, 레비, 차관, 협회, 테러",1,2020-03-12 18:00:00
667,68,"주식, 펀드, 매매, 금액, 종목",2,2020-03-12 18:00:00
668,69,"환율, 송금, 우대, 전신료, 통로",1,2020-03-12 18:00:00
669,70,"토스, 부정, 도용, 보안, 공격",3,2020-03-12 18:00:00
670,73,"환전, 송금, 소액, 위탁, 외환",9,2020-03-12 18:00:00
671,79,"협력사, 아이디어, 공모전, 대리점, 상생",1,2020-03-12 18:00:00
672,81,"서점, 투안, 신랑, 배달, 메이",1,2020-03-12 18:00:00
673,84,"경기도, 주식회사, 토스, 배달, 니스트",2,2020-03-12 18:00:00
674,85,"박석호, 통지, 수입, 키트, 신용장",1,2020-03-12 18:00:00
675,89,"장비, 플러스, 협력사, 유비, 다산",11,2020-03-12 18:00:00
676,92,"밴사, 보드, 재판매, 페이, 금융감독원",2,2020-03-12 18:00:00
677,-1,"네이버, 빅테크, 디지털, 은행, 핀테크",193,2020-06-10 12:00:00
678,0,"대출, 데이터, 아마존, 네이버, 플랫폼",32,2020-06-10 12:00:00
679,1,"증권사, 펀드, 방침, 공휴일, 환매",2,2020-06-10 12:00:00
680,2,"카드, 현대, 카드사, 부산, 민족",6,2020-06-10 12:00:00
681,3,"특구, 부산, 바우처, 선불충전금, 금융위",4,2020-06-10 12:00:00
682,4,"틱톡, 월마트, 알파벳, 소식통, 소프트",1,2020-06-10 12:00:00
683,5,"전쟁, 블록체인, 박성준, 디지털, 동국",1,2020-06-10 12:00:00
684,7,"회장, 디지털, 임원, 크래프트테크놀로지스, 크레파스",7,2020-06-10 12:00:00
685,8,"유로, 중앙은행, 화폐, 발행, 유럽",5,2020-06-10 12:00:00
686,9,"코로나19, 화폐, 재택근무, 감염증, 디지털",19,2020-06-10 12:00:00
687,10,"감소, 체크카드, 긴급재난지원금, 실적, 용액",6,2020-06-10 12:00:00
688,11,"배민, 형제, 라이더, 업주, 광고비",5,2020-06-10 12:00:00
689,12,"포럼, 디지털, 혁신, 협력사, 블루",8,2020-06-10 12:00:00
690,13,"환급, 우대, 맹점, 수수료, 가맹점",4,2020-06-10 12:00:00
691,15,"건수, 금액, 상반기, 전기, 평균",2,2020-06-10 12:00:00
692,16,"네이버, 네이버파이낸셜, 스몰, 라인, 토스",8,2020-06-10 12:00:00
693,17,"분기, 하위, 동기, 증감, 경영",1,2020-06-10 12:00:00
694,18,"분과, 협회, 시너지, 회원, 개편",1,2020-06-10 12:00:00
695,19,"법규, 상속인, 감리, 금융감독원, 포시",1,2020-06-10 12:00:00
696,20,"플러스, 프리미어, 토스, 인수, 컨소시엄",1,2020-06-10 12:00:00
697,21,"오픈뱅킹, 조회, 보안, 점검, 은행",2,2020-06-10 12:00:00
698,22,"비자, 리브, 페이팔, 페이스북, 네트워크",1,2020-06-10 12:00:00
699,25,"재산세, 사이버, 토스페이먼츠, 온라인, 분기",5,2020-06-10 12:00:00
700,26,"카카오페이, 버킷, 리스트, 상점, 마이페이먼트",1,2020-06-10 12:00:00
701,27,"밴사, 감소, 동기, 대비, 상반기",3,2020-06-10 12:00:00
702,29,"위안, 디지털, 중국, 위안화, 인민은행",3,2020-06-10 12:00:00
703,30,"토스페이먼츠, 토스, 가맹점, 리브, 플러스",9,2020-06-10 12:00:00
704,31,"의정부, 수수료, 사랑, 안병용, 카드",3,2020-06-10 12:00:00
705,32,"코로나19, 동전, 동기, 카드, 감소",11,2020-06-10 12:00:00
706,33,"발행, 한은, 중앙은행, 스웨덴, 화폐",1,2020-06-10 12:00:00
707,34,"네이버, 네이버파이낸셜, 후불결제, 통장, 종합지급결제사업자",3,2020-06-10 12:00:00
708,35,"농촌, 악취, 오픈마켓, 축산, 쿠폰",1,2020-06-10 12:00:00
709,36,"여신금융협회, 김주현, 카드, 회장, 공론화",1,2020-06-10 12:00:00
710,37,"장관, 뉴딜, 비상, 정두리, 국판",1,2020-06-10 12:00:00
711,38,"노브랜드, 버거, 윤종규, 부회장, 이재용",1,2020-06-10 12:00:00
712,41,"구글, 인앱, 애플, 게임, 스토어",3,2020-06-10 12:00:00
713,48,"게임, 매출, 게임즈, 동기, 테마주",2,2020-06-10 12:00:00
714,51,"오픈뱅킹, 카드사, 세부, 출금, 마이페이먼트",1,2020-06-10 12:00:00
715,53,"협력사, 납품, 조기, 대금, 포스코",6,2020-06-10 12:00:00
716,55,"토스, 페이, 카카오페이, 네이버, 가입자",2,2020-06-10 12:00:00
717,56,"연휴, 추석, 만기, 공휴일, 대금",10,2020-06-10 12:00:00
718,57,"제로페이, 가맹점, 서울시, 결제액, 소상공인",2,2020-06-10 12:00:00
719,60,"금융망, 차세대, 당좌, 가동, 예금",3,2020-06-10 12:00:00
720,61,"리워드, 연체, 데이터, 하이테크, 통상",3,2020-06-10 12:00:00
721,62,"오전, 장관, 차관, 홍남기, 개최",2,2020-06-10 12:00:00
722,65,"화베이, 대출, 감위, 알리페이, 은보",1,2020-06-10 12:00:00
723,66,"다날, 스코어, 휴대폰, 이력, 신용",2,2020-06-10 12:00:00
724,70,"공인, 증서, 보안, 인증서, 공격",1,2020-06-10 12:00:00
725,73,"혁신방안, 한도, 환전, 충전, 송금",1,2020-06-10 12:00:00
726,79,"아이디어, 공모전, 상금, 특전, 멘토링",2,2020-06-10 12:00:00
727,81,"신라, 스마일, 이베이, 면세점, 코리아",1,2020-06-10 12:00:00
728,86,"채용, 수시, 신입, 신한, 인재",1,2020-06-10 12:00:00
729,-1,"디지털, 한은, 금융위, 빅테크, 지급결제",237,2020-09-08 06:00:00
730,0,"데이터, 플랫폼, 빅테크, 보험, 마이데이터",36,2020-09-08 06:00:00
731,1,"앤트, 증권사, 증권, 토스, 주식",12,2020-09-08 06:00:00
732,2,"카드, 국민카드, 신한, 페이, 플랫폼",13,2020-09-08 06:00:00
733,3,"개정안, 금융위, 한은, 권한, 전자금융거래법",28,2020-09-08 06:00:00
734,4,"캄보디아, 현지, 송금, 싱가포르, 라오스",6,2020-09-08 06:00:00
735,5,"블록체인, 디파이, 오프닝, 이석우, 토크",2,2020-09-08 06:00:00
736,6,"비트코인, 암호화폐, 개당, 가상화폐, 최고",9,2020-09-08 06:00:00
737,7,"자문, 여성, 김광수, 청산, 회장",6,2020-09-08 06:00:00
738,8,"중앙은행, 발행, 화폐, 테스트, 퍼펙트",7,2020-09-08 06:00:00
739,9,"코로나19, 국경절, 회복, 감염증, 코로나바이러스",24,2020-09-08 06:00:00
740,10,"일평균, 작년, 체크카드, 평균, 기기",5,2020-09-08 06:00:00
741,11,"부수업무, 배송, 고문, 소상공인, 상임",10,2020-09-08 06:00:00
742,12,"라방, 가레, 인도네시아, 핀테크, 세미나",6,2020-09-08 06:00:00
743,13,"마일리지, 대한항공, 카드사, 화폐, 카드",3,2020-09-08 06:00:00
744,14,"강세, 비트코인, 호재, 암호화폐, 헤지",1,2020-09-08 06:00:00
745,16,"검사, 빅테크, 전자금융업자, 청산, 카카오페이",3,2020-09-08 06:00:00
746,17,"가계, 총재, 수출, 회복세, 회복",6,2020-09-08 06:00:00
747,18,"분과, 장사, 사사, p2p, 간사",1,2020-09-08 06:00:00
748,19,"금융결제원, 한은, 금융위, 개정안, 청산",3,2020-09-08 06:00:00
749,20,"혼합형, 중앙은행, 독립성, 한국은행, 은행",2,2020-09-08 06:00:00
750,21,"오픈뱅킹, 중개, 보험, 동일, 연구원",2,2020-09-08 06:00:00
751,22,"페이스북, 리브, 화폐, 코인, 중앙은행",2,2020-09-08 06:00:00
752,24,"앤트, 마윈, 알리바바, 중국, 알리페이",6,2020-09-08 06:00:00
753,25,"사이버, 거래액, 분기, 매출, 국외",2,2020-09-08 06:00:00
754,26,"카카오페이, 대출, 오더, 상장, 외연",1,2020-09-08 06:00:00
755,28,"토스페이먼츠, 채용, 합격자, 직무, 경력직",6,2020-09-08 06:00:00
756,29,"위안, 디지털, 중국, 위안화, 화폐",6,2020-09-08 06:00:00
757,30,"토스페이먼츠, 홍희, 토스, 회계사, 정석문",4,2020-09-08 06:00:00
758,31,"수납, 선생, 청구, 학원, 민트",1,2020-09-08 06:00:00
759,32,"코로나19, 동기, 감소, 카드, 대비",6,2020-09-08 06:00:00
760,33,"한은, 금융위, 권한, 금융결제원, 개정안",13,2020-09-08 06:00:00
761,34,"지업, 후불결제, 금융위, 종합지급결제업, 동일",3,2020-09-08 06:00:00
762,37,"부총재, 신임, 한은법, 법학, 공석",1,2020-09-08 06:00:00
763,38,"김경은, 김정남, 개당, 비트코인, 돌파",2,2020-09-08 06:00:00
764,41,"구글, 인앱, 애플, 수수료, 통신사",7,2020-09-08 06:00:00
765,44,"피아, 금융위, 개정안, 금융결제원, 고유",2,2020-09-08 06:00:00
766,45,"암호화폐, 거래소, 비트코인, 화폐, 코로나",1,2020-09-08 06:00:00
767,51,"토스뱅크, 신용카드, 요건, 오픈뱅킹, 토스",1,2020-09-08 06:00:00
768,52,"결제사, 카드사, 연회비, 동일, 가맹점",1,2020-09-08 06:00:00
769,54,"데이터, 비씨카드, 품목, 빅데이터, 결성",12,2020-09-08 06:00:00
770,55,"본문, 메인, 기사, 코리아, 전재",2,2020-09-08 06:00:00
771,59,"통화, 균형, 물가, 완화, 격담",1,2020-09-08 06:00:00
772,60,"금융망, 가동, 차세대, 당좌, 다자간",2,2020-09-08 06:00:00
773,61,"표창, 데이터, 진흥, 과기, 정통부",3,2020-09-08 06:00:00
774,65,"앤트, 차재, 화베이, 알리페이, 대출",1,2020-09-08 06:00:00
775,66,"신매, 배달, 이정한, 벤처, 대구",1,2020-09-08 06:00:00
776,70,"사이버, 보안, 범죄, 공격, 대유행",1,2020-09-08 06:00:00
777,73,"소액, 환전, 후불, 송금, 금융결제원",1,2020-09-08 06:00:00
778,75,"소장, 금융결제원, 클라우드, 해록, 세미나",2,2020-09-08 06:00:00
779,76,"위원장, 가계, 공매도, 부채, 대출",4,2020-09-08 06:00:00
780,79,"아이디어, 공모전, 핀테크, 접수, 특전",1,2020-09-08 06:00:00
781,84,"언택트, 코로나, 천향, 세션, 윤병원",1,2020-09-08 06:00:00
782,85,"센트, 송금, 외환, 정산, 글로벌",1,2020-09-08 06:00:00
783,-1,"비트코인, 개정안, 빅테크, 청산, 디지털",256,2020-12-07 00:00:00
784,0,"플랫폼, 청산, 대출, 데이터, 디지털",19,2020-12-07 00:00:00
785,1,"증권사, 주식, 후드, 토스증권, 로빈",4,2020-12-07 00:00:00
786,2,"국민카드, 농협, 통합, 카드, 페이",4,2020-12-07 00:00:00
787,3,"개정안, 법안, 전금법, 청산, 금융위",60,2020-12-07 00:00:00
788,4,"캄보디아, 이카, 개통식, 글로벌, 태국",5,2020-12-07 00:00:00
789,5,"라인, 링크, 이희우, 보상, 메신저",1,2020-12-07 00:00:00
790,6,"비트코인, 테슬라, 가상자산, 자산, 가상화폐",24,2020-12-07 00:00:00
791,7,"옵티머스, 회장, 모피아, 창업, 경영",9,2020-12-07 00:00:00
792,8,"중앙은행, 발행, 화폐, 가상자산, 디지털",7,2020-12-07 00:00:00
793,9,"백신, 코로나19, 접종, 후보, 신종",8,2020-12-07 00:00:00
794,10,"기기, 감소, 체크카드, 비중, 분기",10,2020-12-07 00:00:00
795,11,"청산, 금융결제원, 결제망, 최종, 송금",5,2020-12-07 00:00:00
796,12,"작품, 허스트, 모빌리티, 마스, 전시회",4,2020-12-07 00:00:00
797,13,"맹점, 비씨카드, 수수료, 환급, 연매출",5,2020-12-07 00:00:00
798,14,"비트코인, 암호화폐, 가상자산, 미국인, 거래소",3,2020-12-07 00:00:00
799,15,"하루, 평균, 건수, 용액, 송금",3,2020-12-07 00:00:00
800,16,"개정안, 전자금융거래법, 전금법, 금융결제원, 전송",5,2020-12-07 00:00:00
801,17,"총재, 물가, 금리, 통화, 경기",2,2020-12-07 00:00:00
802,18,"무인, 스마트, 가족, 촉식, 비접",1,2020-12-07 00:00:00
803,19,"빅브라더, 전금법, 개정안, 총재, 한은",36,2020-12-07 00:00:00
804,20,"중앙은행, 금융결제원, 금광, 지급결제, 개정안",7,2020-12-07 00:00:00
805,22,"스테이블, 테더, 코인, 파이넥스, 가상자산",1,2020-12-07 00:00:00
806,24,"앤트, 마윈, 무산, 알리페이, 직원",1,2020-12-07 00:00:00
807,25,"토스페이먼츠, 온라인, 가맹점, 쇼핑, 플랫폼",3,2020-12-07 00:00:00
808,28,"직군, 입사, 보너스, 채용, 인력",1,2020-12-07 00:00:00
809,29,"위안, 디지털, 중국, 베이징, 화폐",7,2020-12-07 00:00:00
810,30,"비자, 켈리, 가상자산, 흑인, 주류",2,2020-12-07 00:00:00
811,32,"감소, 코로나19, 기기, 카드, 일평균",8,2020-12-07 00:00:00
812,33,"한은, 개정안, 금융위, 빅브라더, 빅테크",14,2020-12-07 00:00:00
813,34,"청산, 빅테크, 외부, 이용우, 동일",4,2020-12-07 00:00:00
814,37,"국장, 신임, 임명, 인사, 승진",3,2020-12-07 00:00:00
815,38,"커브, 페이팔, 인수, 소식통, 이스라엘",2,2020-12-07 00:00:00
816,39,"스트라이프, 김계환, 악사, 콜리슨, 리프트",1,2020-12-07 00:00:00
817,41,"구글, 인앱, 애플, 홍정민, 강제",2,2020-12-07 00:00:00
818,43,"케어, 헬스, 화재, 삼성, 보험",1,2020-12-07 00:00:00
819,44,"말씀, 국채, 주의, 사전, 획단",2,2020-12-07 00:00:00
820,45,"드레이퍼, 넷플릭스, 아마존, 테슬라, 헤이스팅스",1,2020-12-07 00:00:00
821,48,"게임, 중국, 승인, 먹통, 매출",1,2020-12-07 00:00:00
822,51,"오픈뱅킹, 전산, 카드사, 금융결제원, 가금",1,2020-12-07 00:00:00
823,54,"데이터, 얼라이언스, 동맹, 비씨카드, 신한",3,2020-12-07 00:00:00
824,57,"제로페이, 이근주, 원장, 소상공인, 한국간편결제진흥원",1,2020-12-07 00:00:00
825,58,"스트라이프, 탈루, 매치, 아일랜드, 국세청",1,2020-12-07 00:00:00
826,59,"물가, 통화, 회복, 완화, 점검",1,2020-12-07 00:00:00
827,62,"오전, 차관, 청사, 장관, 농식품부",1,2020-12-07 00:00:00
828,63,"아마존, 봉사료, 배달, 플렉스, 운전자",1,2020-12-07 00:00:00
829,64,"핀테크, 하반기, 유니콘, 팬데, 임베디드",5,2020-12-07 00:00:00
830,72,"르네, 사스, 전기차, 샤오미, 렉서스",1,2020-12-07 00:00:00
831,73,"김윤경, 진행자, 환전, 인플레이션, 국채",1,2020-12-07 00:00:00
832,75,"빅테크, 삼정, 알파벳, 클라우드, 접점",1,2020-12-07 00:00:00
833,76,"공매도, 위원장, 연장, 정책금융, 금결원",2,2020-12-07 00:00:00
834,79,"아이디어, ai, 양성, 인재, 중공업",1,2020-12-07 00:00:00
835,80,"국세, 지방청, 행정, 서장, 세무관",1,2020-12-07 00:00:00
836,83,"도시, 트위터, 스퀘어, 기부, 비트코인",3,2020-12-07 00:00:00
837,85,"송금, 국외, 국제기구, 프로젝트, 외국환",3,2020-12-07 00:00:00
838,93,"계좌, 등록, 페이, 우리금융그룹, 우리카드",1,2020-12-07 00:00:00
839,-1,"비트코인, 가상자산, 가상화폐, 코인, 암호화폐",309,2021-03-06 18:00:00
840,0,"데이터, 플랫폼, 대출, 마이데이터, 쿠콘",28,2021-03-06 18:00:00
841,1,"증권, 증권사, 자본, 주식, 매매",7,2021-03-06 18:00:00
842,2,"카드, 통합, 신한, 페이, 금융지주",23,2021-03-06 18:00:00
843,3,"전금법, 법안, 개정안, 정무, 국회",12,2021-03-06 18:00:00
844,4,"대만, 글로벌, 인도네시아, 현지, 라인",13,2021-03-06 18:00:00
845,5,"블록체인, 토큰, 암호화폐, 발행, 네트워크",1,2021-03-06 18:00:00
846,6,"비트코인, 거래소, 가상화폐, 가상자산, 코인",29,2021-03-06 18:00:00
847,7,"전금법, 개정안, 교수, 가상화폐, 종지사",9,2021-03-06 18:00:00
848,8,"모의실험, 발행, 화폐, 중앙은행, 실험",25,2021-03-06 18:00:00
849,9,"코로나19, 통화, 중앙은행, 감염증, 코로나바이러스",15,2021-03-06 18:00:00
850,10,"체크카드, 일평균, 감소, 카드, 대비",2,2021-03-06 18:00:00
851,11,"도지, 토스페이먼츠, 가상자산, 더리, 코인",6,2021-03-06 18:00:00
852,12,"정철진, 공시, 앵커, 암호화폐, 주제",5,2021-03-06 18:00:00
853,13,"수수료, 카드사, 카드, 가맹점, 월세",5,2021-03-06 18:00:00
854,14,"암호화폐, 비트코인, 가상자산, 코인, 거래소",12,2021-03-06 18:00:00
855,15,"페이, 분사, 분기, 워치, 건수",1,2021-03-06 18:00:00
856,16,"청산, 외부, 전금법, 핀테크, 전자금융거래법",5,2021-03-06 18:00:00
857,17,"총재, 금리, 가계, 경기, 인상",15,2021-03-06 18:00:00
858,19,"전금법, 정례회, 개정안, 이형주, 청산",2,2021-03-06 18:00:00
859,20,"배성재, 앵커, 동업자, 코레스, 준비금",2,2021-03-06 18:00:00
860,21,"오픈뱅킹, 계좌, 조회, 카드사, 종합지급결제업",5,2021-03-06 18:00:00
861,22,"리브, 페이스북, 디엠, 가상자산, 스테이블",7,2021-03-06 18:00:00
862,24,"중국, 알리바바, 타이캉, 텐센트, 마윈",5,2021-03-06 18:00:00
863,25,"쿠팡, 쇼핑, 온라인, 분기, 거래액",4,2021-03-06 18:00:00
864,26,"카카오페이, 상장, 카카오, 카카오뱅크, 증권",6,2021-03-06 18:00:00
865,27,"밴사, 대비, 감소, 영업, 당기순이익",6,2021-03-06 18:00:00
866,28,"채용, 기획, 리스크, 경력, 인력",16,2021-03-06 18:00:00
867,29,"위안, 중국, 디지털, 중앙은행, 화폐",10,2021-03-06 18:00:00
868,30,"토스페이먼츠, 김민, 가맹점, 할리스, 토스",3,2021-03-06 18:00:00
869,31,"수수료, 카드사, 가맹점, 인하, 카드",7,2021-03-06 18:00:00
870,32,"인증, 얼굴, 페이스, 롯데카드, 신한",1,2021-03-06 18:00:00
871,33,"화폐, 은도, 암호화폐, 중앙은행, 발행",1,2021-03-06 18:00:00
872,34,"빅테크, 동일, 금융사, 차익, 네이버",3,2021-03-06 18:00:00
873,41,"구글, 인앱, 애플, 마켓, 강제",3,2021-03-06 18:00:00
874,43,"키오스, 이한균, 삼성, 서브, 제품",1,2021-03-06 18:00:00
875,44,"노조, 균형발전, 유출, 지방, 협의회",3,2021-03-06 18:00:00
876,48,"게임, 애플, 매출, 보드, 에픽",3,2021-03-06 18:00:00
877,49,"가상화폐, 공신력, 추적, 자금세탁, 실명",1,2021-03-06 18:00:00
878,50,"수수료, 온라인, 인하, 대행, 은행업",1,2021-03-06 18:00:00
879,51,"오픈뱅킹, 조회, 카드사, 계좌, 신한",14,2021-03-06 18:00:00
880,52,"직원, 손님, 권길주, 카드, 가상자산",3,2021-03-06 18:00:00
881,54,"데이터, 마이데이터, 허가, 비씨카드, 품목",4,2021-03-06 18:00:00
882,55,"도박판, 교익, 청년, 부자, 서민",1,2021-03-06 18:00:00
883,57,"제로페이, 이근주, 소상공인, 원장, 결원",1,2021-03-06 18:00:00
884,62,"오전, 차관, 청사, 장관, 산업부",1,2021-03-06 18:00:00
885,64,"일자리, 후견, 조건부, 허용, 음식",2,2021-03-06 18:00:00
886,67,"브레이너, 연준, 경향신문, 이얼, 페드",1,2021-03-06 18:00:00
887,75,"세틀뱅크, 위크, 김학수, 가상계좌, 클라우드",2,2021-03-06 18:00:00
888,76,"가상자산, 사처, 법조, 위원장, 노조",3,2021-03-06 18:00:00
889,77,"금융중개지원대출, 상환, 대출금, 발행액, 재정",1,2021-03-06 18:00:00
890,83,"스퀘어, 월렛, 도시, 하드웨어, 비트코인",1,2021-03-06 18:00:00
891,85,"적발, 외국환, 환치기, 암호화폐, 범죄",1,2021-03-06 18:00:00
892,90,"채굴, 채굴장, 중국, 폐쇄, 쓰촨성",10,2021-03-06 18:00:00
893,93,"애플, 이스라엘, 단말기, 제로페이, 페이",2,2021-03-06 18:00:00
894,-1,"머지포인트, 코인, 머지플러스, 전금법, 플랫폼",234,2021-06-04 12:00:00
895,0,"대환, 플랫폼, 빅테크, 대출, 데이터",21,2021-06-04 12:00:00
896,1,"증권사, 법인, 증권, 자본, 디폴트",6,2021-06-04 12:00:00
897,2,"카드, 신한, 카드사, 플레이, 현대",4,2021-06-04 12:00:00
898,3,"전금법, 개정안, 법안, 국회, 발의",11,2021-06-04 12:00:00
899,5,"블록체인, 나무, 디파이, 컨트랙트, 설립자",3,2021-06-04 12:00:00
900,6,"비트코인, 코인, 암호화폐, 상승, 거래소",3,2021-06-04 12:00:00
901,7,"머지포인트, 위원장, 부채, 가계, 머지플러스",15,2021-06-04 12:00:00
902,8,"모의실험, 그라운드, 발행, 중앙은행, 화폐",13,2021-06-04 12:00:00
903,9,"환급, 지원금, 코로나19, 감염증, 편의점",5,2021-06-04 12:00:00
904,10,"상반기, 평균, 카드, 체크카드, 장수",6,2021-06-04 12:00:00
905,12,"메타버스, 세대, 가상, 커머스, 글로벌",2,2021-06-04 12:00:00
906,13,"수수료, 맹점, 가맹점, 우대, 환급",5,2021-06-04 12:00:00
907,15,"평균, 하루, 금액, 페이, 건수",6,2021-06-04 12:00:00
908,16,"토큰, 유틸리티, 코인, 네이버파이낸셜, 증권",5,2021-06-04 12:00:00
909,17,"인상, 담보, 액면, 최고액, 위원",2,2021-06-04 12:00:00
910,18,"p2p, 등록, 폐업, 어음, 펀딩",4,2021-06-04 12:00:00
911,19,"전금법, 개정안, 머지포인트, 후보, 위원",2,2021-06-04 12:00:00
912,20,"담보, 스테이블, 차액, 달러화, 증권",5,2021-06-04 12:00:00
913,21,"오픈뱅킹, 저축, 계좌, 조회, 잔돈",2,2021-06-04 12:00:00
914,24,"알리바바, 중국, 앤트, 위챗, 텐센트",6,2021-06-04 12:00:00
915,25,"토스페이먼츠, 골프, 페이디, 가맹점, 커넥트",3,2021-06-04 12:00:00
916,26,"카카오페이, 상장, 카카오, 공모가, 알리페이",7,2021-06-04 12:00:00
917,27,"감소, 대출, 대비, 밴사, 건수",1,2021-06-04 12:00:00
918,28,"채용, 지원자, 토스페이먼츠, 토스, 합격자",3,2021-06-04 12:00:00
919,29,"위안, 중국, 디지털, 위안화, 시범",1,2021-06-04 12:00:00
920,30,"카페, 싸이월드, 다날, 토스페이먼츠, 쇼핑몰",2,2021-06-04 12:00:00
921,31,"수수료, 빅테크, 카드사, 동일, 자영업자",3,2021-06-04 12:00:00
922,32,"올림픽, 코로나19, 대비, 동기, 마스터",4,2021-06-04 12:00:00
923,34,"네이버, 종합지급결제사업자, 특혜법, 네이버파이낸셜, 빅테크",3,2021-06-04 12:00:00
924,35,"오픈마켓, 컬리, 마켓컬리, 식품, 배송",20,2021-06-04 12:00:00
925,36,"종합지급결제사업자, 배진교, 동일, 빅테크, 가맹점",2,2021-06-04 12:00:00
926,37,"위원장, 회동, 총재, 고승범, 전금법",11,2021-06-04 12:00:00
927,39,"역외, 탈세, 국세청, 혐의자, 비밀",16,2021-06-04 12:00:00
928,41,"구글, 인앱, 게임, 마켓, 강제",5,2021-06-04 12:00:00
929,42,"결제액, 상반기, 하루, 평균, 체크카드",1,2021-06-04 12:00:00
930,43,"입찰, 삼성, 모의실험, 한은, 컨설팅",1,2021-06-04 12:00:00
931,44,"노조, 협의회, 노동조합, 지방, 전금법",5,2021-06-04 12:00:00
932,45,"메타버스, 래프, 도토리, 싸이월드, 벅스",2,2021-06-04 12:00:00
933,48,"게임, 메타버스, 코다, 매출, 동기",3,2021-06-04 12:00:00
934,49,"집금, 위장, 계좌, 거래소, 실명",4,2021-06-04 12:00:00
935,51,"오픈뱅킹, 카드사, 형사, 신용카드, 카드",2,2021-06-04 12:00:00
936,52,"농협, 페이, 통합, 계열사, 빅테크",1,2021-06-04 12:00:00
937,55,"동반성장, 최우수, 연속, 협력사, 텔레콤",1,2021-06-04 12:00:00
938,56,"연휴, 추석, 대금, 만기, 도래",3,2021-06-04 12:00:00
939,57,"제로페이, 상품권, 결원, 공공, 단체",1,2021-06-04 12:00:00
940,62,"오전, 차관, 장관, 예결, 국회",1,2021-06-04 12:00:00
941,64,"종목, 어도비, 펀드, 뮤추얼, 헤지",1,2021-06-04 12:00:00
942,65,"앤트, 국유, 대출, 알리페이, 화베이",1,2021-06-04 12:00:00
943,67,"카니, 달러화, 총재, 영란, 중앙은행",1,2021-06-04 12:00:00
944,68,"삼성카드, 페이, 기선, 자사, 제압",1,2021-06-04 12:00:00
945,70,"랜섬, 공격, 해커, 제재, 엑스",1,2021-06-04 12:00:00
946,72,"배터리, 전력, 샤오미, 코스닥, 소재",1,2021-06-04 12:00:00
947,76,"위원장, 부채, 가계, 소통, 가상자산",1,2021-06-04 12:00:00
948,79,"아이디어, 공모전, 핀테크, 상금, 장려상",2,2021-06-04 12:00:00
949,83,"도시, 밀크, 스퀘어, 트위터, 코인",2,2021-06-04 12:00:00
950,84,"원광, 교수협, 대학교, 김선광, 학회",1,2021-06-04 12:00:00
951,86,"판매자, 국세청, 특례, 고시, 해석",2,2021-06-04 12:00:00
952,87,"상반기, 결제액, 동기, 실적, 소비",2,2021-06-04 12:00:00
953,90,"채굴, 머스크, 재생, 테슬라, 에너지",1,2021-06-04 12:00:00
954,-1,"마이데이터, 수수료, 카드, 핀테크, 은행",206,2021-09-02 06:00:00
955,0,"메타버스, 플랫폼, 데이터, 빅테크, 마이데이터",27,2021-09-02 06:00:00
956,2,"카드, 신한, 페이, 국민카드, 플랫폼",10,2021-09-02 06:00:00
957,3,"법안, 가상자산, 국회, 개정안, 전금법",11,2021-09-02 06:00:00
958,4,"윙크, 스톤, 이트, 쿠팡페이, 싱가포르",2,2021-09-02 06:00:00
959,5,"담당관, 블록체인, 글루, 개도국, 상국",3,2021-09-02 06:00:00
960,7,"지방, 충청, 설립, 강원도, 은행",10,2021-09-02 06:00:00
961,8,"화폐, 발행, 중앙은행, 모의실험, 디지털",5,2021-09-02 06:00:00
962,9,"카카오, 콘텐츠, 오딘, 네이버, 코로나19",2,2021-09-02 06:00:00
963,10,"지원금, 시백, 평균, 소비, 환수",2,2021-09-02 06:00:00
964,11,"지로, 요금, 상품권, 금융결제원, 오픈",5,2021-09-02 06:00:00
965,12,"디지털, 세션, 세대, 연구원, 주제",11,2021-09-02 06:00:00
966,13,"수수료, 카드, 카드사, 가맹점, 산정",7,2021-09-02 06:00:00
967,15,"평균, 카카오페이, 공모가, 금액, 분기",3,2021-09-02 06:00:00
968,16,"종합지급결제사업자, 루트, 핀테크, 협회, 영준",2,2021-09-02 06:00:00
969,17,"물가, 인상, 금리, 내년, 통화",3,2021-09-02 06:00:00
970,19,"모의실험, 그라운드, 한은, 총재, 개발사",2,2021-09-02 06:00:00
971,20,"지방, 중앙은행, 은행, 스테이블, 발행",6,2021-09-02 06:00:00
972,21,"오픈뱅킹, 조회, 좌수, 보안, 계좌",2,2021-09-02 06:00:00
973,25,"사이버, 온라인, 분기, 권익, 거래액",2,2021-09-02 06:00:00
974,26,"카카오페이, 상장, 공모가, 코스피, 증권",18,2021-09-02 06:00:00
975,27,"수수료, 연매출, 신용판매, 조정, 감소",1,2021-09-02 06:00:00
976,29,"위안, 중국, 위안화, 디지털, 위상",2,2021-09-02 06:00:00
977,30,"코오롱, 토스페이먼츠, 비바리퍼블리카, 개발자, 하이픈",7,2021-09-02 06:00:00
978,31,"수수료, 인하, 카드사, 카드, 가맹점",4,2021-09-02 06:00:00
979,32,"수수료, 신용판매, 감소, 카드사, 인하",1,2021-09-02 06:00:00
980,33,"한은, 금융위, 청산업, 전금법, 개정안",1,2021-09-02 06:00:00
981,34,"부수업무, 지업, 빅테크, 예금, 은행",2,2021-09-02 06:00:00
982,35,"마켓컬리, 뷰티, 컬리, 오픈마켓, 프리",3,2021-09-02 06:00:00
983,36,"수수료, 인하, 빅테크, 카드사, 카드",3,2021-09-02 06:00:00
984,37,"한국은행, 총재, 회복, 물가, 신접",1,2021-09-02 06:00:00
985,39,"국세청, 탈세, 정황, 누락, 혐의",1,2021-09-02 06:00:00
986,41,"구글, 인앱, 끼워팔기, 방통, 강제",1,2021-09-02 06:00:00
987,43,"맥주, 운항, 갤럭시, 삼성, 인텔",1,2021-09-02 06:00:00
988,44,"전금법, 가상자산, 지방, 개정안, 법안",2,2021-09-02 06:00:00
989,48,"게임, 매출, 카카오, 벅스, 네이버",1,2021-09-02 06:00:00
990,52,"균형, 뿌리, 여신, 임직원, 신용판매",1,2021-09-02 06:00:00
991,55,"부산, 감소, 소비, 전주형, 카카오페이",4,2021-09-02 06:00:00
992,58,"탈루, 국세청, 소득, 인플루언서, 세무",18,2021-09-02 06:00:00
993,59,"물가, 통화, 완화, 균형, 금리",6,2021-09-02 06:00:00
994,60,"부총재, 제반, 한국은행, 금융망, 완료",2,2021-09-02 06:00:00
995,61,"위원장, 핀테크, 독점, 부수, 간담회",3,2021-09-02 06:00:00
996,62,"오전, 차관, 장관, 청사, 산업부",1,2021-09-02 06:00:00
997,66,"지엘, 분사, 인터내셔널, 금융지주, 대만",1,2021-09-02 06:00:00
998,67,"제반, 은행장, 배준석, 총재, 스테이블",1,2021-09-02 06:00:00
999,68,"이마트, 롯데, 페이, 온라인, 사몰",1,2021-09-02 06:00:00
1000,69,"오픈뱅킹, 계좌, 조회, 출금, 트러스트",1,2021-09-02 06:00:00
1001,70,"국장, 공격, 사이버, 보안, 망분리",1,2021-09-02 06:00:00
1002,75,"메타버스, 여신금융협회, 클라우드, 여전사, 윤재옥",1,2021-09-02 06:00:00
1003,76,"실수요자, 대출, 가계, 집단, 전세",1,2021-09-02 06:00:00
1004,77,"기후, 녹색, 탄소, 친환경, 담보",4,2021-09-02 06:00:00
1005,79,"협력사, 최우수, 연속, 상생, 아이디어",1,2021-09-02 06:00:00
1006,80,"여전사, 원장, 정은보, 부수, 간담회",4,2021-09-02 06:00:00
1007,81,"경험, 삼정, 브랜드, 작용, 부상",3,2021-09-02 06:00:00
1008,83,"스퀘어, 도시, 트위터, 블록, 리슨",4,2021-09-02 06:00:00
1009,84,"모빌리티, 타다, 토스, 메타버스, 가상",5,2021-09-02 06:00:00
1010,86,"수수료, 카드사, 적격, 카드, 노조",2,2021-09-02 06:00:00
1011,94,"오픈뱅킹, 건수, 금결원, 금액, 면허",1,2021-09-02 06:00:00
